[2026-01-09 14:19:56] local.ERROR: php_network_getaddresses: getaddrinfo for root failed: Host desconocido.  {"exception":"[object] (mysqli_sql_exception(code: 2002): php_network_getaddresses: getaddrinfo for root failed: Host desconocido.  at C:/laragon/www/ecommerce-code/app/Http/Controllers/InstallController.php:144)
[stacktrace]
#0 C:/laragon/www/ecommerce-code/app/Http/Controllers/InstallController.php(144): mysqli_connect('root', 'root', Object(SensitiveParameterValue), 'ecommerce_db')
#1 C:/laragon/www/ecommerce-code/app/Http/Controllers/InstallController.php(105): App/Http/Controllers/InstallController->check_database_connection('root', 'ecommerce_db', 'root', NULL)
#2 C:/laragon/www/ecommerce-code/vendor/laravel/framework/src/Illuminate/Routing/Controller.php(54): App/Http/Controllers/InstallController->database_installation(Object(Illuminate/Http/Request))
#3 C:/laragon/www/ecommerce-code/vendor/laravel/framework/src/Illuminate/Routing/ControllerDispatcher.php(43): Illuminate/Routing/Controller->callAction('database_instal...', Array)
#4 C:/laragon/www/ecommerce-code/vendor/laravel/framework/src/Illuminate/Routing/Route.php(259): Illuminate/Routing/ControllerDispatcher->dispatch(Object(Illuminate/Routing/Route), Object(App/Http/Controllers/InstallController), 'database_instal...')
#5 C:/laragon/www/ecommerce-code/vendor/laravel/framework/src/Illuminate/Routing/Route.php(205): Illuminate/Routing/Route->runController()
#6 C:/laragon/www/ecommerce-code/vendor/laravel/framework/src/Illuminate/Routing/Router.php(806): Illuminate/Routing/Route->run()
#7 C:/laragon/www/ecommerce-code/vendor/laravel/framework/src/Illuminate/Pipeline/Pipeline.php(144): Illuminate/Routing/Router->Illuminate/Routing/{closure}(Object(Illuminate/Http/Request))
#8 C:/laragon/www/ecommerce-code/vendor/barryvdh/laravel-debugbar/src/Middleware/InjectDebugbar.php(59): Illuminate/Pipeline/Pipeline->Illuminate/Pipeline/{closure}(Object(Illuminate/Http/Request))
#9 C:/laragon/www/ecommerce-code/vendor/laravel/framework/src/Illuminate/Pipeline/Pipeline.php(183): Barryvdh/Debugbar/Middleware/InjectDebugbar->handle(Object(Illuminate/Http/Request), Object(Closure))
#10 C:/laragon/www/ecommerce-code/app/Http/Middleware/CheckForMaintenanceMode.php(64): Illuminate/Pipeline/Pipeline->Illuminate/Pipeline/{closure}(Object(Illuminate/Http/Request))
#11 C:/laragon/www/ecommerce-code/vendor/laravel/framework/src/Illuminate/Pipeline/Pipeline.php(183): App/Http/Middleware/CheckForMaintenanceMode->handle(Object(Illuminate/Http/Request), Object(Closure))
#12 C:/laragon/www/ecommerce-code/app/Http/Middleware/HttpsProtocol.php(20): Illuminate/Pipeline/Pipeline->Illuminate/Pipeline/{closure}(Object(Illuminate/Http/Request))
#13 C:/laragon/www/ecommerce-code/vendor/laravel/framework/src/Illuminate/Pipeline/Pipeline.php(183): App/Http/Middleware/HttpsProtocol->handle(Object(Illuminate/Http/Request), Object(Closure))
#14 C:/laragon/www/ecommerce-code/app/Http/Middleware/Language.php(35): Illuminate/Pipeline/Pipeline->Illuminate/Pipeline/{closure}(Object(Illuminate/Http/Request))
#15 C:/laragon/www/ecommerce-code/vendor/laravel/framework/src/Illuminate/Pipeline/Pipeline.php(183): App/Http/Middleware/Language->handle(Object(Illuminate/Http/Request), Object(Closure))
#16 C:/laragon/www/ecommerce-code/vendor/laravel/framework/src/Illuminate/Routing/Middleware/SubstituteBindings.php(50): Illuminate/Pipeline/Pipeline->Illuminate/Pipeline/{closure}(Object(Illuminate/Http/Request))
#17 C:/laragon/www/ecommerce-code/vendor/laravel/framework/src/Illuminate/Pipeline/Pipeline.php(183): Illuminate/Routing/Middleware/SubstituteBindings->handle(Object(Illuminate/Http/Request), Object(Closure))
#18 C:/laragon/www/ecommerce-code/vendor/laravel/framework/src/Illuminate/Foundation/Http/Middleware/VerifyCsrfToken.php(78): Illuminate/Pipeline/Pipeline->Illuminate/Pipeline/{closure}(Object(Illuminate/Http/Request))
#19 C:/laragon/www/ecommerce-code/vendor/laravel/framework/src/Illuminate/Pipeline/Pipeline.php(183): Illuminate/Foundation/Http/Middleware/VerifyCsrfToken->handle(Object(Illuminate/Http/Request), Object(Closure))
#20 C:/laragon/www/ecommerce-code/vendor/laravel/framework/src/Illuminate/Cookie/Middleware/AddQueuedCookiesToResponse.php(37): Illuminate/Pipeline/Pipeline->Illuminate/Pipeline/{closure}(Object(Illuminate/Http/Request))
#21 C:/laragon/www/ecommerce-code/vendor/laravel/framework/src/Illuminate/Pipeline/Pipeline.php(183): Illuminate/Cookie/Middleware/AddQueuedCookiesToResponse->handle(Object(Illuminate/Http/Request), Object(Closure))
#22 C:/laragon/www/ecommerce-code/vendor/laravel/framework/src/Illuminate/Pipeline/Pipeline.php(119): Illuminate/Pipeline/Pipeline->Illuminate/Pipeline/{closure}(Object(Illuminate/Http/Request))
#23 C:/laragon/www/ecommerce-code/vendor/laravel/framework/src/Illuminate/Routing/Router.php(805): Illuminate/Pipeline/Pipeline->then(Object(Closure))
#24 C:/laragon/www/ecommerce-code/vendor/laravel/framework/src/Illuminate/Routing/Router.php(784): Illuminate/Routing/Router->runRouteWithinStack(Object(Illuminate/Routing/Route), Object(Illuminate/Http/Request))
#25 C:/laragon/www/ecommerce-code/vendor/laravel/framework/src/Illuminate/Routing/Router.php(748): Illuminate/Routing/Router->runRoute(Object(Illuminate/Http/Request), Object(Illuminate/Routing/Route))
#26 C:/laragon/www/ecommerce-code/vendor/laravel/framework/src/Illuminate/Routing/Router.php(737): Illuminate/Routing/Router->dispatchToRoute(Object(Illuminate/Http/Request))
#27 C:/laragon/www/ecommerce-code/vendor/laravel/framework/src/Illuminate/Foundation/Http/Kernel.php(200): Illuminate/Routing/Router->dispatch(Object(Illuminate/Http/Request))
#28 C:/laragon/www/ecommerce-code/vendor/laravel/framework/src/Illuminate/Pipeline/Pipeline.php(144): Illuminate/Foundation/Http/Kernel->Illuminate/Foundation/Http/{closure}(Object(Illuminate/Http/Request))
#29 C:/laragon/www/ecommerce-code/vendor/barryvdh/laravel-debugbar/src/Middleware/InjectDebugbar.php(59): Illuminate/Pipeline/Pipeline->Illuminate/Pipeline/{closure}(Object(Illuminate/Http/Request))
#30 C:/laragon/www/ecommerce-code/vendor/laravel/framework/src/Illuminate/Pipeline/Pipeline.php(183): Barryvdh/Debugbar/Middleware/InjectDebugbar->handle(Object(Illuminate/Http/Request), Object(Closure))
#31 C:/laragon/www/ecommerce-code/vendor/laravel/framework/src/Illuminate/View/Middleware/ShareErrorsFromSession.php(49): Illuminate/Pipeline/Pipeline->Illuminate/Pipeline/{closure}(Object(Illuminate/Http/Request))
#32 C:/laragon/www/ecommerce-code/vendor/laravel/framework/src/Illuminate/Pipeline/Pipeline.php(183): Illuminate/View/Middleware/ShareErrorsFromSession->handle(Object(Illuminate/Http/Request), Object(Closure))
#33 C:/laragon/www/ecommerce-code/vendor/laravel/framework/src/Illuminate/Session/Middleware/StartSession.php(121): Illuminate/Pipeline/Pipeline->Illuminate/Pipeline/{closure}(Object(Illuminate/Http/Request))
#34 C:/laragon/www/ecommerce-code/vendor/laravel/framework/src/Illuminate/Session/Middleware/StartSession.php(64): Illuminate/Session/Middleware/StartSession->handleStatefulRequest(Object(Illuminate/Http/Request), Object(Illuminate/Session/Store), Object(Closure))
#35 C:/laragon/www/ecommerce-code/vendor/laravel/framework/src/Illuminate/Pipeline/Pipeline.php(183): Illuminate/Session/Middleware/StartSession->handle(Object(Illuminate/Http/Request), Object(Closure))
#36 C:/laragon/www/ecommerce-code/vendor/laravel/framework/src/Illuminate/Http/Middleware/TrustProxies.php(39): Illuminate/Pipeline/Pipeline->Illuminate/Pipeline/{closure}(Object(Illuminate/Http/Request))
#37 C:/laragon/www/ecommerce-code/vendor/laravel/framework/src/Illuminate/Pipeline/Pipeline.php(183): Illuminate/Http/Middleware/TrustProxies->handle(Object(Illuminate/Http/Request), Object(Closure))
#38 C:/laragon/www/ecommerce-code/vendor/laravel/framework/src/Illuminate/Foundation/Http/Middleware/TransformsRequest.php(21): Illuminate/Pipeline/Pipeline->Illuminate/Pipeline/{closure}(Object(Illuminate/Http/Request))
#39 C:/laragon/www/ecommerce-code/vendor/laravel/framework/src/Illuminate/Foundation/Http/Middleware/ConvertEmptyStringsToNull.php(31): Illuminate/Foundation/Http/Middleware/TransformsRequest->handle(Object(Illuminate/Http/Request), Object(Closure))
#40 C:/laragon/www/ecommerce-code/vendor/laravel/framework/src/Illuminate/Pipeline/Pipeline.php(183): Illuminate/Foundation/Http/Middleware/ConvertEmptyStringsToNull->handle(Object(Illuminate/Http/Request), Object(Closure))
#41 C:/laragon/www/ecommerce-code/vendor/laravel/framework/src/Illuminate/Foundation/Http/Middleware/TransformsRequest.php(21): Illuminate/Pipeline/Pipeline->Illuminate/Pipeline/{closure}(Object(Illuminate/Http/Request))
#42 C:/laragon/www/ecommerce-code/vendor/laravel/framework/src/Illuminate/Foundation/Http/Middleware/TrimStrings.php(40): Illuminate/Foundation/Http/Middleware/TransformsRequest->handle(Object(Illuminate/Http/Request), Object(Closure))
#43 C:/laragon/www/ecommerce-code/vendor/laravel/framework/src/Illuminate/Pipeline/Pipeline.php(183): Illuminate/Foundation/Http/Middleware/TrimStrings->handle(Object(Illuminate/Http/Request), Object(Closure))
#44 C:/laragon/www/ecommerce-code/vendor/laravel/framework/src/Illuminate/Foundation/Http/Middleware/ValidatePostSize.php(27): Illuminate/Pipeline/Pipeline->Illuminate/Pipeline/{closure}(Object(Illuminate/Http/Request))
#45 C:/laragon/www/ecommerce-code/vendor/laravel/framework/src/Illuminate/Pipeline/Pipeline.php(183): Illuminate/Foundation/Http/Middleware/ValidatePostSize->handle(Object(Illuminate/Http/Request), Object(Closure))
#46 C:/laragon/www/ecommerce-code/vendor/laravel/framework/src/Illuminate/Pipeline/Pipeline.php(119): Illuminate/Pipeline/Pipeline->Illuminate/Pipeline/{closure}(Object(Illuminate/Http/Request))
#47 C:/laragon/www/ecommerce-code/vendor/laravel/framework/src/Illuminate/Foundation/Http/Kernel.php(175): Illuminate/Pipeline/Pipeline->then(Object(Closure))
#48 C:/laragon/www/ecommerce-code/vendor/laravel/framework/src/Illuminate/Foundation/Http/Kernel.php(144): Illuminate/Foundation/Http/Kernel->sendRequestThroughRouter(Object(Illuminate/Http/Request))
#49 C:/laragon/www/ecommerce-code/index.php(56): Illuminate/Foundation/Http/Kernel->handle(Object(Illuminate/Http/Request))
#50 {main}
"} 
[2026-01-09 14:19:59] local.ERROR: SQLSTATE[42S02]: Base table or view not found: 1146 Table 'db_ecommerce.translations' doesn't exist (Connection: mysql, SQL: select `lang_value`, `lang_key` from `translations` where `lang` = en) {"view":{"view":"C:\\laragon\\www\\ecommerce-code\\resources\\views\\errors\\500.blade.php","data":{"errors":"<pre class=sf-dump id=sf-dump-1571631424 data-indent-pad=\"  \"><span class=sf-dump-note>Illuminate\\Support\\ViewErrorBag</span> {<a class=sf-dump-ref>#468</a><samp data-depth=1 class=sf-dump-expanded>
  #<span class=sf-dump-protected title=\"Protected property\">bags</span>: []
</samp>}
</pre><script>Sfdump(\"sf-dump-1571631424\", {\"maxDepth\":3,\"maxStringLength\":160})</script>
","exception":"<pre class=sf-dump id=sf-dump-1336999836 data-indent-pad=\"  \"><span class=sf-dump-note>Symfony\\Component\\HttpKernel\\Exception\\HttpException</span> {<a class=sf-dump-ref>#473</a><samp data-depth=1 class=sf-dump-expanded>
  #<span class=sf-dump-protected title=\"Protected property\">message</span>: \"<span class=sf-dump-str title=\"73 characters\">php_network_getaddresses: getaddrinfo for root failed: Host desconocido. </span>\"
  #<span class=sf-dump-protected title=\"Protected property\">code</span>: <span class=sf-dump-num>0</span>
  #<span class=sf-dump-protected title=\"Protected property\">file</span>: \"<span class=\"sf-dump-str sf-dump-ellipsization\" title=\"C:\\laragon\\www\\ecommerce-code\\vendor\\laravel\\framework\\src\\Illuminate\\Foundation\\Exceptions\\Handler.php
103 characters\"><span class=\"sf-dump-ellipsis sf-dump-ellipsis-path\">C:\\laragon\\www\\ecommerce-code\\vendor</span><span class=\"sf-dump-ellipsis sf-dump-ellipsis-path\">\\laravel\\framework\\</span><span class=\"sf-dump-ellipsis-tail\">src\\Illuminate\\Foundation\\Exceptions\\Handler.php</span></span>\"
  #<span class=sf-dump-protected title=\"Protected property\">line</span>: <span class=sf-dump-num>646</span>
  -<span class=sf-dump-private title=\"Private property defined in class:&#10;`Exception`\">previous</span>: <span class=sf-dump-note>mysqli_sql_exception</span> {<a class=sf-dump-ref href=#sf-dump-1336999836-ref2437 title=\"6 occurrences\">#437</a><samp data-depth=2 id=sf-dump-1336999836-ref2437 class=sf-dump-compact>
    #<span class=sf-dump-protected title=\"Protected property\">message</span>: \"<span class=sf-dump-str title=\"73 characters\">php_network_getaddresses: getaddrinfo for root failed: Host desconocido. </span>\"
    #<span class=sf-dump-protected title=\"Protected property\">code</span>: <span class=sf-dump-num>2002</span>
    #<span class=sf-dump-protected title=\"Protected property\">file</span>: \"<span class=\"sf-dump-str sf-dump-ellipsization\" title=\"C:\\laragon\\www\\ecommerce-code\\app\\Http\\Controllers\\InstallController.php
72 characters\"><span class=\"sf-dump-ellipsis sf-dump-ellipsis-path\">C:\\laragon\\www\\ecommerce-code</span><span class=\"sf-dump-ellipsis sf-dump-ellipsis-path\">\\</span><span class=\"sf-dump-ellipsis-tail\">app\\Http\\Controllers\\InstallController.php</span></span>\"
    #<span class=sf-dump-protected title=\"Protected property\">line</span>: <span class=sf-dump-num>144</span>
    #<span class=sf-dump-protected title=\"Protected property\">sqlstate</span>: \"<span class=sf-dump-str title=\"5 characters\">HY000</span>\"
    <span class=sf-dump-meta>trace</span>: {<samp data-depth=3 class=sf-dump-compact>
      <span class=\"sf-dump-meta sf-dump-ellipsization\" title=\"C:\\laragon\\www\\ecommerce-code\\app\\Http\\Controllers\\InstallController.php:144
Stack level 50.\"><span class=\"sf-dump-ellipsis sf-dump-ellipsis-path\">C:\\laragon\\www\\ecommerce-code</span><span class=\"sf-dump-ellipsis sf-dump-ellipsis-path\">\\</span><span class=\"sf-dump-ellipsis-tail\">app\\Http\\Controllers\\InstallController.php:144</span></span> { &#8230;5}
      <span class=\"sf-dump-meta sf-dump-ellipsization\" title=\"C:\\laragon\\www\\ecommerce-code\\app\\Http\\Controllers\\InstallController.php:105
Stack level 49.\"><span class=\"sf-dump-ellipsis sf-dump-ellipsis-path\">C:\\laragon\\www\\ecommerce-code</span><span class=\"sf-dump-ellipsis sf-dump-ellipsis-path\">\\</span><span class=\"sf-dump-ellipsis-tail\">app\\Http\\Controllers\\InstallController.php:105</span></span> { &#8230;5}
      <span class=\"sf-dump-meta sf-dump-ellipsization\" title=\"C:\\laragon\\www\\ecommerce-code\\vendor\\laravel\\framework\\src\\Illuminate\\Routing\\Controller.php:54
Stack level 48.\"><span class=\"sf-dump-ellipsis sf-dump-ellipsis-path\">C:\\laragon\\www\\ecommerce-code\\vendor</span><span class=\"sf-dump-ellipsis sf-dump-ellipsis-path\">\\laravel\\framework\\</span><span class=\"sf-dump-ellipsis-tail\">src\\Illuminate\\Routing\\Controller.php:54</span></span> { &#8230;5}
      <span class=\"sf-dump-meta sf-dump-ellipsization\" title=\"C:\\laragon\\www\\ecommerce-code\\vendor\\laravel\\framework\\src\\Illuminate\\Routing\\ControllerDispatcher.php:43
Stack level 47.\"><span class=\"sf-dump-ellipsis sf-dump-ellipsis-path\">C:\\laragon\\www\\ecommerce-code\\vendor</span><span class=\"sf-dump-ellipsis sf-dump-ellipsis-path\">\\laravel\\framework\\</span><span class=\"sf-dump-ellipsis-tail\">src\\Illuminate\\Routing\\ControllerDispatcher.php:43</span></span> { &#8230;5}
      <span class=\"sf-dump-meta sf-dump-ellipsization\" title=\"C:\\laragon\\www\\ecommerce-code\\vendor\\laravel\\framework\\src\\Illuminate\\Routing\\Route.php:259
Stack level 46.\"><span class=\"sf-dump-ellipsis sf-dump-ellipsis-path\">C:\\laragon\\www\\ecommerce-code\\vendor</span><span class=\"sf-dump-ellipsis sf-dump-ellipsis-path\">\\laravel\\framework\\</span><span class=\"sf-dump-ellipsis-tail\">src\\Illuminate\\Routing\\Route.php:259</span></span> { &#8230;5}
      <span class=\"sf-dump-meta sf-dump-ellipsization\" title=\"C:\\laragon\\www\\ecommerce-code\\vendor\\laravel\\framework\\src\\Illuminate\\Routing\\Route.php:205
Stack level 45.\"><span class=\"sf-dump-ellipsis sf-dump-ellipsis-path\">C:\\laragon\\www\\ecommerce-code\\vendor</span><span class=\"sf-dump-ellipsis sf-dump-ellipsis-path\">\\laravel\\framework\\</span><span class=\"sf-dump-ellipsis-tail\">src\\Illuminate\\Routing\\Route.php:205</span></span> { &#8230;4}
      <span class=\"sf-dump-meta sf-dump-ellipsization\" title=\"C:\\laragon\\www\\ecommerce-code\\vendor\\laravel\\framework\\src\\Illuminate\\Routing\\Router.php:806
Stack level 44.\"><span class=\"sf-dump-ellipsis sf-dump-ellipsis-path\">C:\\laragon\\www\\ecommerce-code\\vendor</span><span class=\"sf-dump-ellipsis sf-dump-ellipsis-path\">\\laravel\\framework\\</span><span class=\"sf-dump-ellipsis-tail\">src\\Illuminate\\Routing\\Router.php:806</span></span> { &#8230;4}
      <span class=\"sf-dump-meta sf-dump-ellipsization\" title=\"C:\\laragon\\www\\ecommerce-code\\vendor\\laravel\\framework\\src\\Illuminate\\Pipeline\\Pipeline.php:144
Stack level 43.\"><span class=\"sf-dump-ellipsis sf-dump-ellipsis-path\">C:\\laragon\\www\\ecommerce-code\\vendor</span><span class=\"sf-dump-ellipsis sf-dump-ellipsis-path\">\\laravel\\framework\\</span><span class=\"sf-dump-ellipsis-tail\">src\\Illuminate\\Pipeline\\Pipeline.php:144</span></span> { &#8230;5}
      <span class=\"sf-dump-meta sf-dump-ellipsization\" title=\"C:\\laragon\\www\\ecommerce-code\\vendor\\barryvdh\\laravel-debugbar\\src\\Middleware\\InjectDebugbar.php:59
Stack level 42.\"><span class=\"sf-dump-ellipsis sf-dump-ellipsis-path\">C:\\laragon\\www\\ecommerce-code\\vendor</span><span class=\"sf-dump-ellipsis sf-dump-ellipsis-path\">\\barryvdh\\laravel-debugbar\\</span><span class=\"sf-dump-ellipsis-tail\">src\\Middleware\\InjectDebugbar.php:59</span></span> { &#8230;5}
      <span class=\"sf-dump-meta sf-dump-ellipsization\" title=\"C:\\laragon\\www\\ecommerce-code\\vendor\\laravel\\framework\\src\\Illuminate\\Pipeline\\Pipeline.php:183
Stack level 41.\"><span class=\"sf-dump-ellipsis sf-dump-ellipsis-path\">C:\\laragon\\www\\ecommerce-code\\vendor</span><span class=\"sf-dump-ellipsis sf-dump-ellipsis-path\">\\laravel\\framework\\</span><span class=\"sf-dump-ellipsis-tail\">src\\Illuminate\\Pipeline\\Pipeline.php:183</span></span> { &#8230;5}
      <span class=\"sf-dump-meta sf-dump-ellipsization\" title=\"C:\\laragon\\www\\ecommerce-code\\app\\Http\\Middleware\\CheckForMaintenanceMode.php:64
Stack level 40.\"><span class=\"sf-dump-ellipsis sf-dump-ellipsis-path\">C:\\laragon\\www\\ecommerce-code</span><span class=\"sf-dump-ellipsis sf-dump-ellipsis-path\">\\</span><span class=\"sf-dump-ellipsis-tail\">app\\Http\\Middleware\\CheckForMaintenanceMode.php:64</span></span> { &#8230;5}
      <span class=\"sf-dump-meta sf-dump-ellipsization\" title=\"C:\\laragon\\www\\ecommerce-code\\vendor\\laravel\\framework\\src\\Illuminate\\Pipeline\\Pipeline.php:183
Stack level 39.\"><span class=\"sf-dump-ellipsis sf-dump-ellipsis-path\">C:\\laragon\\www\\ecommerce-code\\vendor</span><span class=\"sf-dump-ellipsis sf-dump-ellipsis-path\">\\laravel\\framework\\</span><span class=\"sf-dump-ellipsis-tail\">src\\Illuminate\\Pipeline\\Pipeline.php:183</span></span> { &#8230;5}
      <span class=\"sf-dump-meta sf-dump-ellipsization\" title=\"C:\\laragon\\www\\ecommerce-code\\app\\Http\\Middleware\\HttpsProtocol.php:20
Stack level 38.\"><span class=\"sf-dump-ellipsis sf-dump-ellipsis-path\">C:\\laragon\\www\\ecommerce-code</span><span class=\"sf-dump-ellipsis sf-dump-ellipsis-path\">\\</span><span class=\"sf-dump-ellipsis-tail\">app\\Http\\Middleware\\HttpsProtocol.php:20</span></span> { &#8230;5}
      <span class=\"sf-dump-meta sf-dump-ellipsization\" title=\"C:\\laragon\\www\\ecommerce-code\\vendor\\laravel\\framework\\src\\Illuminate\\Pipeline\\Pipeline.php:183
Stack level 37.\"><span class=\"sf-dump-ellipsis sf-dump-ellipsis-path\">C:\\laragon\\www\\ecommerce-code\\vendor</span><span class=\"sf-dump-ellipsis sf-dump-ellipsis-path\">\\laravel\\framework\\</span><span class=\"sf-dump-ellipsis-tail\">src\\Illuminate\\Pipeline\\Pipeline.php:183</span></span> { &#8230;5}
      <span class=\"sf-dump-meta sf-dump-ellipsization\" title=\"C:\\laragon\\www\\ecommerce-code\\app\\Http\\Middleware\\Language.php:35
Stack level 36.\"><span class=\"sf-dump-ellipsis sf-dump-ellipsis-path\">C:\\laragon\\www\\ecommerce-code</span><span class=\"sf-dump-ellipsis sf-dump-ellipsis-path\">\\</span><span class=\"sf-dump-ellipsis-tail\">app\\Http\\Middleware\\Language.php:35</span></span> { &#8230;5}
      <span class=\"sf-dump-meta sf-dump-ellipsization\" title=\"C:\\laragon\\www\\ecommerce-code\\vendor\\laravel\\framework\\src\\Illuminate\\Pipeline\\Pipeline.php:183
Stack level 35.\"><span class=\"sf-dump-ellipsis sf-dump-ellipsis-path\">C:\\laragon\\www\\ecommerce-code\\vendor</span><span class=\"sf-dump-ellipsis sf-dump-ellipsis-path\">\\laravel\\framework\\</span><span class=\"sf-dump-ellipsis-tail\">src\\Illuminate\\Pipeline\\Pipeline.php:183</span></span> { &#8230;5}
      <span class=\"sf-dump-meta sf-dump-ellipsization\" title=\"C:\\laragon\\www\\ecommerce-code\\vendor\\laravel\\framework\\src\\Illuminate\\Routing\\Middleware\\SubstituteBindings.php:50
Stack level 34.\"><span class=\"sf-dump-ellipsis sf-dump-ellipsis-path\">C:\\laragon\\www\\ecommerce-code\\vendor</span><span class=\"sf-dump-ellipsis sf-dump-ellipsis-path\">\\laravel\\framework\\</span><span class=\"sf-dump-ellipsis-tail\">src\\Illuminate\\Routing\\Middleware\\SubstituteBindings.php:50</span></span> { &#8230;5}
      <span class=\"sf-dump-meta sf-dump-ellipsization\" title=\"C:\\laragon\\www\\ecommerce-code\\vendor\\laravel\\framework\\src\\Illuminate\\Pipeline\\Pipeline.php:183
Stack level 33.\"><span class=\"sf-dump-ellipsis sf-dump-ellipsis-path\">C:\\laragon\\www\\ecommerce-code\\vendor</span><span class=\"sf-dump-ellipsis sf-dump-ellipsis-path\">\\laravel\\framework\\</span><span class=\"sf-dump-ellipsis-tail\">src\\Illuminate\\Pipeline\\Pipeline.php:183</span></span> { &#8230;5}
      <span class=\"sf-dump-meta sf-dump-ellipsization\" title=\"C:\\laragon\\www\\ecommerce-code\\vendor\\laravel\\framework\\src\\Illuminate\\Foundation\\Http\\Middleware\\VerifyCsrfToken.php:78
Stack level 32.\"><span class=\"sf-dump-ellipsis sf-dump-ellipsis-path\">C:\\laragon\\www\\ecommerce-code\\vendor</span><span class=\"sf-dump-ellipsis sf-dump-ellipsis-path\">\\laravel\\framework\\</span><span class=\"sf-dump-ellipsis-tail\">src\\Illuminate\\Foundation\\Http\\Middleware\\VerifyCsrfToken.php:78</span></span> { &#8230;5}
      <span class=\"sf-dump-meta sf-dump-ellipsization\" title=\"C:\\laragon\\www\\ecommerce-code\\vendor\\laravel\\framework\\src\\Illuminate\\Pipeline\\Pipeline.php:183
Stack level 31.\"><span class=\"sf-dump-ellipsis sf-dump-ellipsis-path\">C:\\laragon\\www\\ecommerce-code\\vendor</span><span class=\"sf-dump-ellipsis sf-dump-ellipsis-path\">\\laravel\\framework\\</span><span class=\"sf-dump-ellipsis-tail\">src\\Illuminate\\Pipeline\\Pipeline.php:183</span></span> { &#8230;5}
      <span class=\"sf-dump-meta sf-dump-ellipsization\" title=\"C:\\laragon\\www\\ecommerce-code\\vendor\\laravel\\framework\\src\\Illuminate\\Cookie\\Middleware\\AddQueuedCookiesToResponse.php:37
Stack level 30.\"><span class=\"sf-dump-ellipsis sf-dump-ellipsis-path\">C:\\laragon\\www\\ecommerce-code\\vendor</span><span class=\"sf-dump-ellipsis sf-dump-ellipsis-path\">\\laravel\\framework\\</span><span class=\"sf-dump-ellipsis-tail\">src\\Illuminate\\Cookie\\Middleware\\AddQueuedCookiesToResponse.php:37</span></span> { &#8230;5}
      <span class=\"sf-dump-meta sf-dump-ellipsization\" title=\"C:\\laragon\\www\\ecommerce-code\\vendor\\laravel\\framework\\src\\Illuminate\\Pipeline\\Pipeline.php:183
Stack level 29.\"><span class=\"sf-dump-ellipsis sf-dump-ellipsis-path\">C:\\laragon\\www\\ecommerce-code\\vendor</span><span class=\"sf-dump-ellipsis sf-dump-ellipsis-path\">\\laravel\\framework\\</span><span class=\"sf-dump-ellipsis-tail\">src\\Illuminate\\Pipeline\\Pipeline.php:183</span></span> { &#8230;5}
      <span class=\"sf-dump-meta sf-dump-ellipsization\" title=\"C:\\laragon\\www\\ecommerce-code\\vendor\\laravel\\framework\\src\\Illuminate\\Pipeline\\Pipeline.php:119
Stack level 28.\"><span class=\"sf-dump-ellipsis sf-dump-ellipsis-path\">C:\\laragon\\www\\ecommerce-code\\vendor</span><span class=\"sf-dump-ellipsis sf-dump-ellipsis-path\">\\laravel\\framework\\</span><span class=\"sf-dump-ellipsis-tail\">src\\Illuminate\\Pipeline\\Pipeline.php:119</span></span> { &#8230;5}
      <span class=\"sf-dump-meta sf-dump-ellipsization\" title=\"C:\\laragon\\www\\ecommerce-code\\vendor\\laravel\\framework\\src\\Illuminate\\Routing\\Router.php:805
Stack level 27.\"><span class=\"sf-dump-ellipsis sf-dump-ellipsis-path\">C:\\laragon\\www\\ecommerce-code\\vendor</span><span class=\"sf-dump-ellipsis sf-dump-ellipsis-path\">\\laravel\\framework\\</span><span class=\"sf-dump-ellipsis-tail\">src\\Illuminate\\Routing\\Router.php:805</span></span> { &#8230;5}
      <span class=\"sf-dump-meta sf-dump-ellipsization\" title=\"C:\\laragon\\www\\ecommerce-code\\vendor\\laravel\\framework\\src\\Illuminate\\Routing\\Router.php:784
Stack level 26.\"><span class=\"sf-dump-ellipsis sf-dump-ellipsis-path\">C:\\laragon\\www\\ecommerce-code\\vendor</span><span class=\"sf-dump-ellipsis sf-dump-ellipsis-path\">\\laravel\\framework\\</span><span class=\"sf-dump-ellipsis-tail\">src\\Illuminate\\Routing\\Router.php:784</span></span> { &#8230;5}
      <span class=\"sf-dump-meta sf-dump-ellipsization\" title=\"C:\\laragon\\www\\ecommerce-code\\vendor\\laravel\\framework\\src\\Illuminate\\Routing\\Router.php:748
Stack level 25.\"><span class=\"sf-dump-ellipsis sf-dump-ellipsis-path\">C:\\laragon\\www\\ecommerce-code\\vendor</span><span class=\"sf-dump-ellipsis sf-dump-ellipsis-path\">\\laravel\\framework\\</span><span class=\"sf-dump-ellipsis-tail\">src\\Illuminate\\Routing\\Router.php:748</span></span> { &#8230;5}
      <span class=\"sf-dump-meta sf-dump-ellipsization\" title=\"C:\\laragon\\www\\ecommerce-code\\vendor\\laravel\\framework\\src\\Illuminate\\Routing\\Router.php:737
Stack level 24.\"><span class=\"sf-dump-ellipsis sf-dump-ellipsis-path\">C:\\laragon\\www\\ecommerce-code\\vendor</span><span class=\"sf-dump-ellipsis sf-dump-ellipsis-path\">\\laravel\\framework\\</span><span class=\"sf-dump-ellipsis-tail\">src\\Illuminate\\Routing\\Router.php:737</span></span> { &#8230;5}
      <span class=\"sf-dump-meta sf-dump-ellipsization\" title=\"C:\\laragon\\www\\ecommerce-code\\vendor\\laravel\\framework\\src\\Illuminate\\Foundation\\Http\\Kernel.php:200
Stack level 23.\"><span class=\"sf-dump-ellipsis sf-dump-ellipsis-path\">C:\\laragon\\www\\ecommerce-code\\vendor</span><span class=\"sf-dump-ellipsis sf-dump-ellipsis-path\">\\laravel\\framework\\</span><span class=\"sf-dump-ellipsis-tail\">src\\Illuminate\\Foundation\\Http\\Kernel.php:200</span></span> { &#8230;5}
      <span class=\"sf-dump-meta sf-dump-ellipsization\" title=\"C:\\laragon\\www\\ecommerce-code\\vendor\\laravel\\framework\\src\\Illuminate\\Pipeline\\Pipeline.php:144
Stack level 22.\"><span class=\"sf-dump-ellipsis sf-dump-ellipsis-path\">C:\\laragon\\www\\ecommerce-code\\vendor</span><span class=\"sf-dump-ellipsis sf-dump-ellipsis-path\">\\laravel\\framework\\</span><span class=\"sf-dump-ellipsis-tail\">src\\Illuminate\\Pipeline\\Pipeline.php:144</span></span> { &#8230;5}
      <span class=\"sf-dump-meta sf-dump-ellipsization\" title=\"C:\\laragon\\www\\ecommerce-code\\vendor\\barryvdh\\laravel-debugbar\\src\\Middleware\\InjectDebugbar.php:59
Stack level 21.\"><span class=\"sf-dump-ellipsis sf-dump-ellipsis-path\">C:\\laragon\\www\\ecommerce-code\\vendor</span><span class=\"sf-dump-ellipsis sf-dump-ellipsis-path\">\\barryvdh\\laravel-debugbar\\</span><span class=\"sf-dump-ellipsis-tail\">src\\Middleware\\InjectDebugbar.php:59</span></span> { &#8230;5}
      <span class=\"sf-dump-meta sf-dump-ellipsization\" title=\"C:\\laragon\\www\\ecommerce-code\\vendor\\laravel\\framework\\src\\Illuminate\\Pipeline\\Pipeline.php:183
Stack level 20.\"><span class=\"sf-dump-ellipsis sf-dump-ellipsis-path\">C:\\laragon\\www\\ecommerce-code\\vendor</span><span class=\"sf-dump-ellipsis sf-dump-ellipsis-path\">\\laravel\\framework\\</span><span class=\"sf-dump-ellipsis-tail\">src\\Illuminate\\Pipeline\\Pipeline.php:183</span></span> { &#8230;5}
      <span class=\"sf-dump-meta sf-dump-ellipsization\" title=\"C:\\laragon\\www\\ecommerce-code\\vendor\\laravel\\framework\\src\\Illuminate\\View\\Middleware\\ShareErrorsFromSession.php:49
Stack level 19.\"><span class=\"sf-dump-ellipsis sf-dump-ellipsis-path\">C:\\laragon\\www\\ecommerce-code\\vendor</span><span class=\"sf-dump-ellipsis sf-dump-ellipsis-path\">\\laravel\\framework\\</span><span class=\"sf-dump-ellipsis-tail\">src\\Illuminate\\View\\Middleware\\ShareErrorsFromSession.php:49</span></span> { &#8230;5}
      <span class=\"sf-dump-meta sf-dump-ellipsization\" title=\"C:\\laragon\\www\\ecommerce-code\\vendor\\laravel\\framework\\src\\Illuminate\\Pipeline\\Pipeline.php:183
Stack level 18.\"><span class=\"sf-dump-ellipsis sf-dump-ellipsis-path\">C:\\laragon\\www\\ecommerce-code\\vendor</span><span class=\"sf-dump-ellipsis sf-dump-ellipsis-path\">\\laravel\\framework\\</span><span class=\"sf-dump-ellipsis-tail\">src\\Illuminate\\Pipeline\\Pipeline.php:183</span></span> { &#8230;5}
      <span class=\"sf-dump-meta sf-dump-ellipsization\" title=\"C:\\laragon\\www\\ecommerce-code\\vendor\\laravel\\framework\\src\\Illuminate\\Session\\Middleware\\StartSession.php:121
Stack level 17.\"><span class=\"sf-dump-ellipsis sf-dump-ellipsis-path\">C:\\laragon\\www\\ecommerce-code\\vendor</span><span class=\"sf-dump-ellipsis sf-dump-ellipsis-path\">\\laravel\\framework\\</span><span class=\"sf-dump-ellipsis-tail\">src\\Illuminate\\Session\\Middleware\\StartSession.php:121</span></span> { &#8230;5}
      <span class=\"sf-dump-meta sf-dump-ellipsization\" title=\"C:\\laragon\\www\\ecommerce-code\\vendor\\laravel\\framework\\src\\Illuminate\\Session\\Middleware\\StartSession.php:64
Stack level 16.\"><span class=\"sf-dump-ellipsis sf-dump-ellipsis-path\">C:\\laragon\\www\\ecommerce-code\\vendor</span><span class=\"sf-dump-ellipsis sf-dump-ellipsis-path\">\\laravel\\framework\\</span><span class=\"sf-dump-ellipsis-tail\">src\\Illuminate\\Session\\Middleware\\StartSession.php:64</span></span> { &#8230;5}
      <span class=\"sf-dump-meta sf-dump-ellipsization\" title=\"C:\\laragon\\www\\ecommerce-code\\vendor\\laravel\\framework\\src\\Illuminate\\Pipeline\\Pipeline.php:183
Stack level 15.\"><span class=\"sf-dump-ellipsis sf-dump-ellipsis-path\">C:\\laragon\\www\\ecommerce-code\\vendor</span><span class=\"sf-dump-ellipsis sf-dump-ellipsis-path\">\\laravel\\framework\\</span><span class=\"sf-dump-ellipsis-tail\">src\\Illuminate\\Pipeline\\Pipeline.php:183</span></span> { &#8230;5}
      <span class=\"sf-dump-meta sf-dump-ellipsization\" title=\"C:\\laragon\\www\\ecommerce-code\\vendor\\laravel\\framework\\src\\Illuminate\\Http\\Middleware\\TrustProxies.php:39
Stack level 14.\"><span class=\"sf-dump-ellipsis sf-dump-ellipsis-path\">C:\\laragon\\www\\ecommerce-code\\vendor</span><span class=\"sf-dump-ellipsis sf-dump-ellipsis-path\">\\laravel\\framework\\</span><span class=\"sf-dump-ellipsis-tail\">src\\Illuminate\\Http\\Middleware\\TrustProxies.php:39</span></span> { &#8230;5}
      <span class=\"sf-dump-meta sf-dump-ellipsization\" title=\"C:\\laragon\\www\\ecommerce-code\\vendor\\laravel\\framework\\src\\Illuminate\\Pipeline\\Pipeline.php:183
Stack level 13.\"><span class=\"sf-dump-ellipsis sf-dump-ellipsis-path\">C:\\laragon\\www\\ecommerce-code\\vendor</span><span class=\"sf-dump-ellipsis sf-dump-ellipsis-path\">\\laravel\\framework\\</span><span class=\"sf-dump-ellipsis-tail\">src\\Illuminate\\Pipeline\\Pipeline.php:183</span></span> { &#8230;5}
      <span class=\"sf-dump-meta sf-dump-ellipsization\" title=\"C:\\laragon\\www\\ecommerce-code\\vendor\\laravel\\framework\\src\\Illuminate\\Foundation\\Http\\Middleware\\TransformsRequest.php:21
Stack level 12.\"><span class=\"sf-dump-ellipsis sf-dump-ellipsis-path\">C:\\laragon\\www\\ecommerce-code\\vendor</span><span class=\"sf-dump-ellipsis sf-dump-ellipsis-path\">\\laravel\\framework\\</span><span class=\"sf-dump-ellipsis-tail\">src\\Illuminate\\Foundation\\Http\\Middleware\\TransformsRequest.php:21</span></span> { &#8230;5}
      <span class=\"sf-dump-meta sf-dump-ellipsization\" title=\"C:\\laragon\\www\\ecommerce-code\\vendor\\laravel\\framework\\src\\Illuminate\\Foundation\\Http\\Middleware\\ConvertEmptyStringsToNull.php:31
Stack level 11.\"><span class=\"sf-dump-ellipsis sf-dump-ellipsis-path\">C:\\laragon\\www\\ecommerce-code\\vendor</span><span class=\"sf-dump-ellipsis sf-dump-ellipsis-path\">\\laravel\\framework\\</span><span class=\"sf-dump-ellipsis-tail\">src\\Illuminate\\Foundation\\Http\\Middleware\\ConvertEmptyStringsToNull.php:31</span></span> { &#8230;5}
      <span class=\"sf-dump-meta sf-dump-ellipsization\" title=\"C:\\laragon\\www\\ecommerce-code\\vendor\\laravel\\framework\\src\\Illuminate\\Pipeline\\Pipeline.php:183
Stack level 10.\"><span class=\"sf-dump-ellipsis sf-dump-ellipsis-path\">C:\\laragon\\www\\ecommerce-code\\vendor</span><span class=\"sf-dump-ellipsis sf-dump-ellipsis-path\">\\laravel\\framework\\</span><span class=\"sf-dump-ellipsis-tail\">src\\Illuminate\\Pipeline\\Pipeline.php:183</span></span> { &#8230;5}
      <span class=\"sf-dump-meta sf-dump-ellipsization\" title=\"C:\\laragon\\www\\ecommerce-code\\vendor\\laravel\\framework\\src\\Illuminate\\Foundation\\Http\\Middleware\\TransformsRequest.php:21
Stack level 9.\"><span class=\"sf-dump-ellipsis sf-dump-ellipsis-path\">C:\\laragon\\www\\ecommerce-code\\vendor</span><span class=\"sf-dump-ellipsis sf-dump-ellipsis-path\">\\laravel\\framework\\</span><span class=\"sf-dump-ellipsis-tail\">src\\Illuminate\\Foundation\\Http\\Middleware\\TransformsRequest.php:21</span></span> { &#8230;5}
      <span class=\"sf-dump-meta sf-dump-ellipsization\" title=\"C:\\laragon\\www\\ecommerce-code\\vendor\\laravel\\framework\\src\\Illuminate\\Foundation\\Http\\Middleware\\TrimStrings.php:40
Stack level 8.\"><span class=\"sf-dump-ellipsis sf-dump-ellipsis-path\">C:\\laragon\\www\\ecommerce-code\\vendor</span><span class=\"sf-dump-ellipsis sf-dump-ellipsis-path\">\\laravel\\framework\\</span><span class=\"sf-dump-ellipsis-tail\">src\\Illuminate\\Foundation\\Http\\Middleware\\TrimStrings.php:40</span></span> { &#8230;5}
      <span class=\"sf-dump-meta sf-dump-ellipsization\" title=\"C:\\laragon\\www\\ecommerce-code\\vendor\\laravel\\framework\\src\\Illuminate\\Pipeline\\Pipeline.php:183
Stack level 7.\"><span class=\"sf-dump-ellipsis sf-dump-ellipsis-path\">C:\\laragon\\www\\ecommerce-code\\vendor</span><span class=\"sf-dump-ellipsis sf-dump-ellipsis-path\">\\laravel\\framework\\</span><span class=\"sf-dump-ellipsis-tail\">src\\Illuminate\\Pipeline\\Pipeline.php:183</span></span> { &#8230;5}
      <span class=\"sf-dump-meta sf-dump-ellipsization\" title=\"C:\\laragon\\www\\ecommerce-code\\vendor\\laravel\\framework\\src\\Illuminate\\Foundation\\Http\\Middleware\\ValidatePostSize.php:27
Stack level 6.\"><span class=\"sf-dump-ellipsis sf-dump-ellipsis-path\">C:\\laragon\\www\\ecommerce-code\\vendor</span><span class=\"sf-dump-ellipsis sf-dump-ellipsis-path\">\\laravel\\framework\\</span><span class=\"sf-dump-ellipsis-tail\">src\\Illuminate\\Foundation\\Http\\Middleware\\ValidatePostSize.php:27</span></span> { &#8230;5}
      <span class=\"sf-dump-meta sf-dump-ellipsization\" title=\"C:\\laragon\\www\\ecommerce-code\\vendor\\laravel\\framework\\src\\Illuminate\\Pipeline\\Pipeline.php:183
Stack level 5.\"><span class=\"sf-dump-ellipsis sf-dump-ellipsis-path\">C:\\laragon\\www\\ecommerce-code\\vendor</span><span class=\"sf-dump-ellipsis sf-dump-ellipsis-path\">\\laravel\\framework\\</span><span class=\"sf-dump-ellipsis-tail\">src\\Illuminate\\Pipeline\\Pipeline.php:183</span></span> { &#8230;5}
      <span class=\"sf-dump-meta sf-dump-ellipsization\" title=\"C:\\laragon\\www\\ecommerce-code\\vendor\\laravel\\framework\\src\\Illuminate\\Pipeline\\Pipeline.php:119
Stack level 4.\"><span class=\"sf-dump-ellipsis sf-dump-ellipsis-path\">C:\\laragon\\www\\ecommerce-code\\vendor</span><span class=\"sf-dump-ellipsis sf-dump-ellipsis-path\">\\laravel\\framework\\</span><span class=\"sf-dump-ellipsis-tail\">src\\Illuminate\\Pipeline\\Pipeline.php:119</span></span> { &#8230;5}
      <span class=\"sf-dump-meta sf-dump-ellipsization\" title=\"C:\\laragon\\www\\ecommerce-code\\vendor\\laravel\\framework\\src\\Illuminate\\Foundation\\Http\\Kernel.php:175
Stack level 3.\"><span class=\"sf-dump-ellipsis sf-dump-ellipsis-path\">C:\\laragon\\www\\ecommerce-code\\vendor</span><span class=\"sf-dump-ellipsis sf-dump-ellipsis-path\">\\laravel\\framework\\</span><span class=\"sf-dump-ellipsis-tail\">src\\Illuminate\\Foundation\\Http\\Kernel.php:175</span></span> { &#8230;5}
      <span class=\"sf-dump-meta sf-dump-ellipsization\" title=\"C:\\laragon\\www\\ecommerce-code\\vendor\\laravel\\framework\\src\\Illuminate\\Foundation\\Http\\Kernel.php:144
Stack level 2.\"><span class=\"sf-dump-ellipsis sf-dump-ellipsis-path\">C:\\laragon\\www\\ecommerce-code\\vendor</span><span class=\"sf-dump-ellipsis sf-dump-ellipsis-path\">\\laravel\\framework\\</span><span class=\"sf-dump-ellipsis-tail\">src\\Illuminate\\Foundation\\Http\\Kernel.php:144</span></span> { &#8230;5}
      <span class=\"sf-dump-meta sf-dump-ellipsization\" title=\"C:\\laragon\\www\\ecommerce-code\\index.php:56
Stack level 1.\"><span class=\"sf-dump-ellipsis sf-dump-ellipsis-path\">C:\\laragon\\www\\ecommerce-code</span><span class=\"sf-dump-ellipsis sf-dump-ellipsis-path\">\\</span><span class=\"sf-dump-ellipsis-tail\">index.php:56</span></span> { &#8230;4}
    </samp>}
  </samp>}
  -<span class=sf-dump-private title=\"Private property defined in class:&#10;`Symfony\\Component\\HttpKernel\\Exception\\HttpException`\">statusCode</span>: <span class=sf-dump-num>500</span>
  -<span class=sf-dump-private title=\"Private property defined in class:&#10;`Symfony\\Component\\HttpKernel\\Exception\\HttpException`\">headers</span>: []
  <span class=sf-dump-meta>trace</span>: {<samp data-depth=2 class=sf-dump-compact>
    <span class=\"sf-dump-meta sf-dump-ellipsization\" title=\"C:\\laragon\\www\\ecommerce-code\\vendor\\laravel\\framework\\src\\Illuminate\\Foundation\\Exceptions\\Handler.php:646
Stack level 48.\"><span class=\"sf-dump-ellipsis sf-dump-ellipsis-path\">C:\\laragon\\www\\ecommerce-code\\vendor</span><span class=\"sf-dump-ellipsis sf-dump-ellipsis-path\">\\laravel\\framework\\</span><span class=\"sf-dump-ellipsis-tail\">src\\Illuminate\\Foundation\\Exceptions\\Handler.php:646</span></span> {<samp data-depth=3 class=sf-dump-compact>
      <span class=\"sf-dump-note sf-dump-ellipsization\" title=\"Illuminate\\Foundation\\Exceptions\\Handler-&gt;prepareResponse($request, Throwable $e)
\"><span class=\"sf-dump-ellipsis sf-dump-ellipsis-note\">Illuminate\\Foundation\\Exceptions</span><span class=\"sf-dump-ellipsis sf-dump-ellipsis-note\">\\</span><span class=\"sf-dump-ellipsis-tail\">Handler-&gt;prepareResponse($request, Throwable $e)</span></span> &#8230;
      &#8250; <code class=\"php\"><span class=sf-dump-default>if (! $this-&gt;isHttpException($e)) {</span></code>
      &#8250; <code class=\"php\"><span class=sf-dump-const title=\"in Illuminate\\Foundation\\Exceptions\\Handler-&gt;prepareResponse($request, Throwable $e)\">    $e = new HttpException(500, $e-&gt;getMessage(), $e);</span></code>
      &#8250; <code class=\"php\"><span class=sf-dump-default>}</span></code>
    </samp>}
    <span class=\"sf-dump-meta sf-dump-ellipsization\" title=\"C:\\laragon\\www\\ecommerce-code\\vendor\\laravel\\framework\\src\\Illuminate\\Foundation\\Exceptions\\Handler.php:556
Stack level 47.\"><span class=\"sf-dump-ellipsis sf-dump-ellipsis-path\">C:\\laragon\\www\\ecommerce-code\\vendor</span><span class=\"sf-dump-ellipsis sf-dump-ellipsis-path\">\\laravel\\framework\\</span><span class=\"sf-dump-ellipsis-tail\">src\\Illuminate\\Foundation\\Exceptions\\Handler.php:556</span></span> {<samp data-depth=3 class=sf-dump-compact>
      <span class=\"sf-dump-note sf-dump-ellipsization\" title=\"Illuminate\\Foundation\\Exceptions\\Handler-&gt;renderExceptionResponse($request, Throwable $e)
\"><span class=\"sf-dump-ellipsis sf-dump-ellipsis-note\">Illuminate\\Foundation\\Exceptions</span><span class=\"sf-dump-ellipsis sf-dump-ellipsis-note\">\\</span><span class=\"sf-dump-ellipsis-tail\">Handler-&gt;renderExceptionResponse($request, Throwable $e)</span></span> &#8230;
      &#8250; <code class=\"php\"><span class=sf-dump-default>                ? $this-&gt;prepareJsonResponse($request, $e)</span></code>
      &#8250; <code class=\"php\"><span class=sf-dump-const title=\"in Illuminate\\Foundation\\Exceptions\\Handler-&gt;renderExceptionResponse($request, Throwable $e)\">                : $this-&gt;prepareResponse($request, $e);</span></code>
      &#8250; <code class=\"php\"><span class=sf-dump-default>}</span></code>
      <span class=sf-dump-meta>arguments</span>: { &#8230;2}
    </samp>}
    <span class=\"sf-dump-meta sf-dump-ellipsization\" title=\"C:\\laragon\\www\\ecommerce-code\\vendor\\laravel\\framework\\src\\Illuminate\\Foundation\\Exceptions\\Handler.php:473
Stack level 46.\"><span class=\"sf-dump-ellipsis sf-dump-ellipsis-path\">C:\\laragon\\www\\ecommerce-code\\vendor</span><span class=\"sf-dump-ellipsis sf-dump-ellipsis-path\">\\laravel\\framework\\</span><span class=\"sf-dump-ellipsis-tail\">src\\Illuminate\\Foundation\\Exceptions\\Handler.php:473</span></span> {<samp data-depth=3 class=sf-dump-compact>
      <span class=\"sf-dump-note sf-dump-ellipsization\" title=\"Illuminate\\Foundation\\Exceptions\\Handler-&gt;render($request, Throwable $e)
\"><span class=\"sf-dump-ellipsis sf-dump-ellipsis-note\">Illuminate\\Foundation\\Exceptions</span><span class=\"sf-dump-ellipsis sf-dump-ellipsis-note\">\\</span><span class=\"sf-dump-ellipsis-tail\">Handler-&gt;render($request, Throwable $e)</span></span> &#8230;
      &#8250; <code class=\"php\"><span class=sf-dump-default>    $e instanceof ValidationException =&gt; $this-&gt;convertValidationExceptionToResponse($e, $request),</span></code>
      &#8250; <code class=\"php\"><span class=sf-dump-const title=\"in Illuminate\\Foundation\\Exceptions\\Handler-&gt;render($request, Throwable $e)\">    default =&gt; $this-&gt;renderExceptionResponse($request, $e),</span></code>
      &#8250; <code class=\"php\"><span class=sf-dump-default>};</span></code>
      <span class=sf-dump-meta>arguments</span>: { &#8230;2}
    </samp>}
    <span class=\"sf-dump-meta sf-dump-ellipsization\" title=\"C:\\laragon\\www\\ecommerce-code\\app\\Exceptions\\Handler.php:59
Stack level 45.\"><span class=\"sf-dump-ellipsis sf-dump-ellipsis-path\">C:\\laragon\\www\\ecommerce-code</span><span class=\"sf-dump-ellipsis sf-dump-ellipsis-path\">\\</span><span class=\"sf-dump-ellipsis-tail\">app\\Exceptions\\Handler.php:59</span></span> {<samp data-depth=3 class=sf-dump-compact>
      <span class=\"sf-dump-note sf-dump-ellipsization\" title=\"App\\Exceptions\\Handler-&gt;render($request, Throwable $e)
\"><span class=\"sf-dump-ellipsis sf-dump-ellipsis-note\">App\\Exceptions</span><span class=\"sf-dump-ellipsis sf-dump-ellipsis-note\">\\</span><span class=\"sf-dump-ellipsis-tail\">Handler-&gt;render($request, Throwable $e)</span></span> &#8230;
      &#8250; <code class=\"php\"><span class=sf-dump-default>{<span class=\"sf-dump-default sf-dump-ns\">\\r</span></span></code>
      &#8250; <code class=\"php\"><span class=sf-dump-const title=\"in App\\Exceptions\\Handler-&gt;render($request, Throwable $e)\">    return parent::render($request, $e);<span class=\"sf-dump-default sf-dump-ns\">\\r</span></span></code>
      &#8250; <code class=\"php\"><span class=sf-dump-default>}<span class=\"sf-dump-default sf-dump-ns\">\\r</span></span></code>
      <span class=sf-dump-meta>arguments</span>: { &#8230;2}
    </samp>}
    <span class=\"sf-dump-meta sf-dump-ellipsization\" title=\"C:\\laragon\\www\\ecommerce-code\\vendor\\laravel\\framework\\src\\Illuminate\\Routing\\Pipeline.php:51
Stack level 44.\"><span class=\"sf-dump-ellipsis sf-dump-ellipsis-path\">C:\\laragon\\www\\ecommerce-code\\vendor</span><span class=\"sf-dump-ellipsis sf-dump-ellipsis-path\">\\laravel\\framework\\</span><span class=\"sf-dump-ellipsis-tail\">src\\Illuminate\\Routing\\Pipeline.php:51</span></span> {<samp data-depth=3 class=sf-dump-compact>
      <span class=\"sf-dump-note sf-dump-ellipsization\" title=\"Illuminate\\Routing\\Pipeline-&gt;handleException($passable, Throwable $e)
\"><span class=\"sf-dump-ellipsis sf-dump-ellipsis-note\">Illuminate\\Routing</span><span class=\"sf-dump-ellipsis sf-dump-ellipsis-note\">\\</span><span class=\"sf-dump-ellipsis-tail\">Pipeline-&gt;handleException($passable, Throwable $e)</span></span> &#8230;
      &#8250; 
      &#8250; <code class=\"php\"><span class=sf-dump-const title=\"in Illuminate\\Routing\\Pipeline-&gt;handleException($passable, Throwable $e)\">$response = $handler-&gt;render($passable, $e);</span></code>
      &#8250; 
      <span class=sf-dump-meta>arguments</span>: { &#8230;2}
    </samp>}
    <span class=\"sf-dump-meta sf-dump-ellipsization\" title=\"C:\\laragon\\www\\ecommerce-code\\vendor\\laravel\\framework\\src\\Illuminate\\Pipeline\\Pipeline.php:146
Stack level 43.\"><span class=\"sf-dump-ellipsis sf-dump-ellipsis-path\">C:\\laragon\\www\\ecommerce-code\\vendor</span><span class=\"sf-dump-ellipsis sf-dump-ellipsis-path\">\\laravel\\framework\\</span><span class=\"sf-dump-ellipsis-tail\">src\\Illuminate\\Pipeline\\Pipeline.php:146</span></span> {<samp data-depth=3 class=sf-dump-compact>
      <span class=\"sf-dump-note sf-dump-ellipsization\" title=\"Illuminate\\Pipeline\\Pipeline-&gt;Illuminate\\Pipeline\\{closure}
\"><span class=\"sf-dump-ellipsis sf-dump-ellipsis-note\">Illuminate\\Pipeline\\Pipeline-&gt;Illuminate\\Pipeline</span><span class=\"sf-dump-ellipsis sf-dump-ellipsis-note\">\\</span><span class=\"sf-dump-ellipsis-tail\">{closure}</span></span> &#8230;
      &#8250; <code class=\"php\"><span class=sf-dump-default>} catch (Throwable $e) {</span></code>
      &#8250; <code class=\"php\"><span class=sf-dump-const title=\"in Illuminate\\Pipeline\\Pipeline-&gt;Illuminate\\Pipeline\\{closure}\">    return $this-&gt;handleException($passable, $e);</span></code>
      &#8250; <code class=\"php\"><span class=sf-dump-default>}</span></code>
      <span class=sf-dump-meta>arguments</span>: { &#8230;2}
    </samp>}
    <span class=\"sf-dump-meta sf-dump-ellipsization\" title=\"C:\\laragon\\www\\ecommerce-code\\vendor\\barryvdh\\laravel-debugbar\\src\\Middleware\\InjectDebugbar.php:59
Stack level 42.\"><span class=\"sf-dump-ellipsis sf-dump-ellipsis-path\">C:\\laragon\\www\\ecommerce-code\\vendor</span><span class=\"sf-dump-ellipsis sf-dump-ellipsis-path\">\\barryvdh\\laravel-debugbar\\</span><span class=\"sf-dump-ellipsis-tail\">src\\Middleware\\InjectDebugbar.php:59</span></span> {<samp data-depth=3 class=sf-dump-compact>
      <span class=\"sf-dump-note sf-dump-ellipsization\" title=\"Barryvdh\\Debugbar\\Middleware\\InjectDebugbar-&gt;handle($request, Closure $next)
\"><span class=\"sf-dump-ellipsis sf-dump-ellipsis-note\">Barryvdh\\Debugbar\\Middleware</span><span class=\"sf-dump-ellipsis sf-dump-ellipsis-note\">\\</span><span class=\"sf-dump-ellipsis-tail\">InjectDebugbar-&gt;handle($request, Closure $next)</span></span> &#8230;
      &#8250; <code class=\"php\"><span class=sf-dump-default>if (!$this-&gt;debugbar-&gt;isEnabled() || $this-&gt;inExceptArray($request)) {</span></code>
      &#8250; <code class=\"php\"><span class=sf-dump-const title=\"in Barryvdh\\Debugbar\\Middleware\\InjectDebugbar-&gt;handle($request, Closure $next)\">    return $next($request);</span></code>
      &#8250; <code class=\"php\"><span class=sf-dump-default>}</span></code>
      <span class=sf-dump-meta>arguments</span>: { &#8230;1}
    </samp>}
    <span class=\"sf-dump-meta sf-dump-ellipsization\" title=\"C:\\laragon\\www\\ecommerce-code\\vendor\\laravel\\framework\\src\\Illuminate\\Pipeline\\Pipeline.php:183
Stack level 41.\"><span class=\"sf-dump-ellipsis sf-dump-ellipsis-path\">C:\\laragon\\www\\ecommerce-code\\vendor</span><span class=\"sf-dump-ellipsis sf-dump-ellipsis-path\">\\laravel\\framework\\</span><span class=\"sf-dump-ellipsis-tail\">src\\Illuminate\\Pipeline\\Pipeline.php:183</span></span> {<samp data-depth=3 class=sf-dump-compact>
      <span class=\"sf-dump-note sf-dump-ellipsization\" title=\"Illuminate\\Pipeline\\Pipeline-&gt;Illuminate\\Pipeline\\{closure}
\"><span class=\"sf-dump-ellipsis sf-dump-ellipsis-note\">Illuminate\\Pipeline\\Pipeline-&gt;Illuminate\\Pipeline</span><span class=\"sf-dump-ellipsis sf-dump-ellipsis-note\">\\</span><span class=\"sf-dump-ellipsis-tail\">{closure}</span></span> &#8230;
      &#8250; <code class=\"php\"><span class=sf-dump-default>$carry = method_exists($pipe, $this-&gt;method)</span></code>
      &#8250; <code class=\"php\"><span class=sf-dump-const title=\"in Illuminate\\Pipeline\\Pipeline-&gt;Illuminate\\Pipeline\\{closure}\">                ? $pipe-&gt;{$this-&gt;method}(...$parameters)</span></code>
      &#8250; <code class=\"php\"><span class=sf-dump-default>                : $pipe(...$parameters);</span></code>
      <span class=sf-dump-meta>arguments</span>: { &#8230;2}
    </samp>}
    <span class=\"sf-dump-meta sf-dump-ellipsization\" title=\"C:\\laragon\\www\\ecommerce-code\\app\\Http\\Middleware\\CheckForMaintenanceMode.php:64
Stack level 40.\"><span class=\"sf-dump-ellipsis sf-dump-ellipsis-path\">C:\\laragon\\www\\ecommerce-code</span><span class=\"sf-dump-ellipsis sf-dump-ellipsis-path\">\\</span><span class=\"sf-dump-ellipsis-tail\">app\\Http\\Middleware\\CheckForMaintenanceMode.php:64</span></span> {<samp data-depth=3 class=sf-dump-compact>
      <span class=\"sf-dump-note sf-dump-ellipsization\" title=\"App\\Http\\Middleware\\CheckForMaintenanceMode-&gt;handle($request, Closure $next)
\"><span class=\"sf-dump-ellipsis sf-dump-ellipsis-note\">App\\Http\\Middleware</span><span class=\"sf-dump-ellipsis sf-dump-ellipsis-note\">\\</span><span class=\"sf-dump-ellipsis-tail\">CheckForMaintenanceMode-&gt;handle($request, Closure $next)</span></span> &#8230;
      &#8250; <code class=\"php\"><span class=sf-dump-default><span class=\"sf-dump-default sf-dump-ns\">\\r</span></span></code>
      &#8250; <code class=\"php\"><span class=sf-dump-const title=\"in App\\Http\\Middleware\\CheckForMaintenanceMode-&gt;handle($request, Closure $next)\">    return $next($request);<span class=\"sf-dump-default sf-dump-ns\">\\r</span></span></code>
      &#8250; <code class=\"php\"><span class=sf-dump-default>}<span class=\"sf-dump-default sf-dump-ns\">\\r</span></span></code>
      <span class=sf-dump-meta>arguments</span>: { &#8230;1}
    </samp>}
    <span class=\"sf-dump-meta sf-dump-ellipsization\" title=\"C:\\laragon\\www\\ecommerce-code\\vendor\\laravel\\framework\\src\\Illuminate\\Pipeline\\Pipeline.php:183
Stack level 39.\"><span class=\"sf-dump-ellipsis sf-dump-ellipsis-path\">C:\\laragon\\www\\ecommerce-code\\vendor</span><span class=\"sf-dump-ellipsis sf-dump-ellipsis-path\">\\laravel\\framework\\</span><span class=\"sf-dump-ellipsis-tail\">src\\Illuminate\\Pipeline\\Pipeline.php:183</span></span> {<samp data-depth=3 class=sf-dump-compact>
      <span class=\"sf-dump-note sf-dump-ellipsization\" title=\"Illuminate\\Pipeline\\Pipeline-&gt;Illuminate\\Pipeline\\{closure}
\"><span class=\"sf-dump-ellipsis sf-dump-ellipsis-note\">Illuminate\\Pipeline\\Pipeline-&gt;Illuminate\\Pipeline</span><span class=\"sf-dump-ellipsis sf-dump-ellipsis-note\">\\</span><span class=\"sf-dump-ellipsis-tail\">{closure}</span></span> &#8230;
      &#8250; <code class=\"php\"><span class=sf-dump-default>$carry = method_exists($pipe, $this-&gt;method)</span></code>
      &#8250; <code class=\"php\"><span class=sf-dump-const title=\"in Illuminate\\Pipeline\\Pipeline-&gt;Illuminate\\Pipeline\\{closure}\">                ? $pipe-&gt;{$this-&gt;method}(...$parameters)</span></code>
      &#8250; <code class=\"php\"><span class=sf-dump-default>                : $pipe(...$parameters);</span></code>
      <span class=sf-dump-meta>arguments</span>: { &#8230;2}
    </samp>}
    <span class=\"sf-dump-meta sf-dump-ellipsization\" title=\"C:\\laragon\\www\\ecommerce-code\\app\\Http\\Middleware\\HttpsProtocol.php:20
Stack level 38.\"><span class=\"sf-dump-ellipsis sf-dump-ellipsis-path\">C:\\laragon\\www\\ecommerce-code</span><span class=\"sf-dump-ellipsis sf-dump-ellipsis-path\">\\</span><span class=\"sf-dump-ellipsis-tail\">app\\Http\\Middleware\\HttpsProtocol.php:20</span></span> {<samp data-depth=3 class=sf-dump-compact>
      <span class=\"sf-dump-note sf-dump-ellipsization\" title=\"App\\Http\\Middleware\\HttpsProtocol-&gt;handle($request, Closure $next)
\"><span class=\"sf-dump-ellipsis sf-dump-ellipsis-note\">App\\Http\\Middleware</span><span class=\"sf-dump-ellipsis sf-dump-ellipsis-note\">\\</span><span class=\"sf-dump-ellipsis-tail\">HttpsProtocol-&gt;handle($request, Closure $next)</span></span> &#8230;
      &#8250; <code class=\"php\"><span class=sf-dump-default>    }<span class=\"sf-dump-default sf-dump-ns\">\\r</span></span></code>
      &#8250; <code class=\"php\"><span class=sf-dump-const title=\"in App\\Http\\Middleware\\HttpsProtocol-&gt;handle($request, Closure $next)\">    return $next($request);<span class=\"sf-dump-default sf-dump-ns\">\\r</span></span></code>
      &#8250; <code class=\"php\"><span class=sf-dump-default>}<span class=\"sf-dump-default sf-dump-ns\">\\r</span></span></code>
      <span class=sf-dump-meta>arguments</span>: { &#8230;1}
    </samp>}
    <span class=\"sf-dump-meta sf-dump-ellipsization\" title=\"C:\\laragon\\www\\ecommerce-code\\vendor\\laravel\\framework\\src\\Illuminate\\Pipeline\\Pipeline.php:183
Stack level 37.\"><span class=\"sf-dump-ellipsis sf-dump-ellipsis-path\">C:\\laragon\\www\\ecommerce-code\\vendor</span><span class=\"sf-dump-ellipsis sf-dump-ellipsis-path\">\\laravel\\framework\\</span><span class=\"sf-dump-ellipsis-tail\">src\\Illuminate\\Pipeline\\Pipeline.php:183</span></span> {<samp data-depth=3 class=sf-dump-compact>
      <span class=\"sf-dump-note sf-dump-ellipsization\" title=\"Illuminate\\Pipeline\\Pipeline-&gt;Illuminate\\Pipeline\\{closure}
\"><span class=\"sf-dump-ellipsis sf-dump-ellipsis-note\">Illuminate\\Pipeline\\Pipeline-&gt;Illuminate\\Pipeline</span><span class=\"sf-dump-ellipsis sf-dump-ellipsis-note\">\\</span><span class=\"sf-dump-ellipsis-tail\">{closure}</span></span> &#8230;
      &#8250; <code class=\"php\"><span class=sf-dump-default>$carry = method_exists($pipe, $this-&gt;method)</span></code>
      &#8250; <code class=\"php\"><span class=sf-dump-const title=\"in Illuminate\\Pipeline\\Pipeline-&gt;Illuminate\\Pipeline\\{closure}\">                ? $pipe-&gt;{$this-&gt;method}(...$parameters)</span></code>
      &#8250; <code class=\"php\"><span class=sf-dump-default>                : $pipe(...$parameters);</span></code>
      <span class=sf-dump-meta>arguments</span>: { &#8230;2}
    </samp>}
    <span class=\"sf-dump-meta sf-dump-ellipsization\" title=\"C:\\laragon\\www\\ecommerce-code\\app\\Http\\Middleware\\Language.php:35
Stack level 36.\"><span class=\"sf-dump-ellipsis sf-dump-ellipsis-path\">C:\\laragon\\www\\ecommerce-code</span><span class=\"sf-dump-ellipsis sf-dump-ellipsis-path\">\\</span><span class=\"sf-dump-ellipsis-tail\">app\\Http\\Middleware\\Language.php:35</span></span> {<samp data-depth=3 class=sf-dump-compact>
      <span class=\"sf-dump-note sf-dump-ellipsization\" title=\"App\\Http\\Middleware\\Language-&gt;handle($request, Closure $next)
\"><span class=\"sf-dump-ellipsis sf-dump-ellipsis-note\">App\\Http\\Middleware</span><span class=\"sf-dump-ellipsis sf-dump-ellipsis-note\">\\</span><span class=\"sf-dump-ellipsis-tail\">Language-&gt;handle($request, Closure $next)</span></span> &#8230;
      &#8250; <code class=\"php\"><span class=sf-dump-default><span class=\"sf-dump-default sf-dump-ns\">\\r</span></span></code>
      &#8250; <code class=\"php\"><span class=sf-dump-const title=\"in App\\Http\\Middleware\\Language-&gt;handle($request, Closure $next)\">    return $next($request);<span class=\"sf-dump-default sf-dump-ns\">\\r</span></span></code>
      &#8250; <code class=\"php\"><span class=sf-dump-default>}<span class=\"sf-dump-default sf-dump-ns\">\\r</span></span></code>
      <span class=sf-dump-meta>arguments</span>: { &#8230;1}
    </samp>}
    <span class=\"sf-dump-meta sf-dump-ellipsization\" title=\"C:\\laragon\\www\\ecommerce-code\\vendor\\laravel\\framework\\src\\Illuminate\\Pipeline\\Pipeline.php:183
Stack level 35.\"><span class=\"sf-dump-ellipsis sf-dump-ellipsis-path\">C:\\laragon\\www\\ecommerce-code\\vendor</span><span class=\"sf-dump-ellipsis sf-dump-ellipsis-path\">\\laravel\\framework\\</span><span class=\"sf-dump-ellipsis-tail\">src\\Illuminate\\Pipeline\\Pipeline.php:183</span></span> {<samp data-depth=3 class=sf-dump-compact>
      <span class=\"sf-dump-note sf-dump-ellipsization\" title=\"Illuminate\\Pipeline\\Pipeline-&gt;Illuminate\\Pipeline\\{closure}
\"><span class=\"sf-dump-ellipsis sf-dump-ellipsis-note\">Illuminate\\Pipeline\\Pipeline-&gt;Illuminate\\Pipeline</span><span class=\"sf-dump-ellipsis sf-dump-ellipsis-note\">\\</span><span class=\"sf-dump-ellipsis-tail\">{closure}</span></span> &#8230;
      &#8250; <code class=\"php\"><span class=sf-dump-default>$carry = method_exists($pipe, $this-&gt;method)</span></code>
      &#8250; <code class=\"php\"><span class=sf-dump-const title=\"in Illuminate\\Pipeline\\Pipeline-&gt;Illuminate\\Pipeline\\{closure}\">                ? $pipe-&gt;{$this-&gt;method}(...$parameters)</span></code>
      &#8250; <code class=\"php\"><span class=sf-dump-default>                : $pipe(...$parameters);</span></code>
      <span class=sf-dump-meta>arguments</span>: { &#8230;2}
    </samp>}
    <span class=\"sf-dump-meta sf-dump-ellipsization\" title=\"C:\\laragon\\www\\ecommerce-code\\vendor\\laravel\\framework\\src\\Illuminate\\Routing\\Middleware\\SubstituteBindings.php:50
Stack level 34.\"><span class=\"sf-dump-ellipsis sf-dump-ellipsis-path\">C:\\laragon\\www\\ecommerce-code\\vendor</span><span class=\"sf-dump-ellipsis sf-dump-ellipsis-path\">\\laravel\\framework\\</span><span class=\"sf-dump-ellipsis-tail\">src\\Illuminate\\Routing\\Middleware\\SubstituteBindings.php:50</span></span> {<samp data-depth=3 class=sf-dump-compact>
      <span class=\"sf-dump-note sf-dump-ellipsization\" title=\"Illuminate\\Routing\\Middleware\\SubstituteBindings-&gt;handle($request, Closure $next)
\"><span class=\"sf-dump-ellipsis sf-dump-ellipsis-note\">Illuminate\\Routing\\Middleware</span><span class=\"sf-dump-ellipsis sf-dump-ellipsis-note\">\\</span><span class=\"sf-dump-ellipsis-tail\">SubstituteBindings-&gt;handle($request, Closure $next)</span></span> &#8230;
      &#8250; 
      &#8250; <code class=\"php\"><span class=sf-dump-const title=\"in Illuminate\\Routing\\Middleware\\SubstituteBindings-&gt;handle($request, Closure $next)\">    return $next($request);</span></code>
      &#8250; <code class=\"php\"><span class=sf-dump-default>}</span></code>
      <span class=sf-dump-meta>arguments</span>: { &#8230;1}
    </samp>}
    <span class=\"sf-dump-meta sf-dump-ellipsization\" title=\"C:\\laragon\\www\\ecommerce-code\\vendor\\laravel\\framework\\src\\Illuminate\\Pipeline\\Pipeline.php:183
Stack level 33.\"><span class=\"sf-dump-ellipsis sf-dump-ellipsis-path\">C:\\laragon\\www\\ecommerce-code\\vendor</span><span class=\"sf-dump-ellipsis sf-dump-ellipsis-path\">\\laravel\\framework\\</span><span class=\"sf-dump-ellipsis-tail\">src\\Illuminate\\Pipeline\\Pipeline.php:183</span></span> {<samp data-depth=3 class=sf-dump-compact>
      <span class=\"sf-dump-note sf-dump-ellipsization\" title=\"Illuminate\\Pipeline\\Pipeline-&gt;Illuminate\\Pipeline\\{closure}
\"><span class=\"sf-dump-ellipsis sf-dump-ellipsis-note\">Illuminate\\Pipeline\\Pipeline-&gt;Illuminate\\Pipeline</span><span class=\"sf-dump-ellipsis sf-dump-ellipsis-note\">\\</span><span class=\"sf-dump-ellipsis-tail\">{closure}</span></span> &#8230;
      &#8250; <code class=\"php\"><span class=sf-dump-default>$carry = method_exists($pipe, $this-&gt;method)</span></code>
      &#8250; <code class=\"php\"><span class=sf-dump-const title=\"in Illuminate\\Pipeline\\Pipeline-&gt;Illuminate\\Pipeline\\{closure}\">                ? $pipe-&gt;{$this-&gt;method}(...$parameters)</span></code>
      &#8250; <code class=\"php\"><span class=sf-dump-default>                : $pipe(...$parameters);</span></code>
      <span class=sf-dump-meta>arguments</span>: { &#8230;2}
    </samp>}
    <span class=\"sf-dump-meta sf-dump-ellipsization\" title=\"C:\\laragon\\www\\ecommerce-code\\vendor\\laravel\\framework\\src\\Illuminate\\Foundation\\Http\\Middleware\\VerifyCsrfToken.php:78
Stack level 32.\"><span class=\"sf-dump-ellipsis sf-dump-ellipsis-path\">C:\\laragon\\www\\ecommerce-code\\vendor</span><span class=\"sf-dump-ellipsis sf-dump-ellipsis-path\">\\laravel\\framework\\</span><span class=\"sf-dump-ellipsis-tail\">src\\Illuminate\\Foundation\\Http\\Middleware\\VerifyCsrfToken.php:78</span></span> {<samp data-depth=3 class=sf-dump-compact>
      <span class=\"sf-dump-note sf-dump-ellipsization\" title=\"Illuminate\\Foundation\\Http\\Middleware\\VerifyCsrfToken-&gt;handle($request, Closure $next)
\"><span class=\"sf-dump-ellipsis sf-dump-ellipsis-note\">Illuminate\\Foundation\\Http\\Middleware</span><span class=\"sf-dump-ellipsis sf-dump-ellipsis-note\">\\</span><span class=\"sf-dump-ellipsis-tail\">VerifyCsrfToken-&gt;handle($request, Closure $next)</span></span> &#8230;
      &#8250; <code class=\"php\"><span class=sf-dump-default>) {</span></code>
      &#8250; <code class=\"php\"><span class=sf-dump-const title=\"in Illuminate\\Foundation\\Http\\Middleware\\VerifyCsrfToken-&gt;handle($request, Closure $next)\">    return tap($next($request), function ($response) use ($request) {</span></code>
      &#8250; <code class=\"php\"><span class=sf-dump-default>        if ($this-&gt;shouldAddXsrfTokenCookie()) {</span></code>
      <span class=sf-dump-meta>arguments</span>: { &#8230;1}
    </samp>}
    <span class=\"sf-dump-meta sf-dump-ellipsization\" title=\"C:\\laragon\\www\\ecommerce-code\\vendor\\laravel\\framework\\src\\Illuminate\\Pipeline\\Pipeline.php:183
Stack level 31.\"><span class=\"sf-dump-ellipsis sf-dump-ellipsis-path\">C:\\laragon\\www\\ecommerce-code\\vendor</span><span class=\"sf-dump-ellipsis sf-dump-ellipsis-path\">\\laravel\\framework\\</span><span class=\"sf-dump-ellipsis-tail\">src\\Illuminate\\Pipeline\\Pipeline.php:183</span></span> {<samp data-depth=3 class=sf-dump-compact>
      <span class=\"sf-dump-note sf-dump-ellipsization\" title=\"Illuminate\\Pipeline\\Pipeline-&gt;Illuminate\\Pipeline\\{closure}
\"><span class=\"sf-dump-ellipsis sf-dump-ellipsis-note\">Illuminate\\Pipeline\\Pipeline-&gt;Illuminate\\Pipeline</span><span class=\"sf-dump-ellipsis sf-dump-ellipsis-note\">\\</span><span class=\"sf-dump-ellipsis-tail\">{closure}</span></span> &#8230;
      &#8250; <code class=\"php\"><span class=sf-dump-default>$carry = method_exists($pipe, $this-&gt;method)</span></code>
      &#8250; <code class=\"php\"><span class=sf-dump-const title=\"in Illuminate\\Pipeline\\Pipeline-&gt;Illuminate\\Pipeline\\{closure}\">                ? $pipe-&gt;{$this-&gt;method}(...$parameters)</span></code>
      &#8250; <code class=\"php\"><span class=sf-dump-default>                : $pipe(...$parameters);</span></code>
      <span class=sf-dump-meta>arguments</span>: { &#8230;2}
    </samp>}
    <span class=\"sf-dump-meta sf-dump-ellipsization\" title=\"C:\\laragon\\www\\ecommerce-code\\vendor\\laravel\\framework\\src\\Illuminate\\Cookie\\Middleware\\AddQueuedCookiesToResponse.php:37
Stack level 30.\"><span class=\"sf-dump-ellipsis sf-dump-ellipsis-path\">C:\\laragon\\www\\ecommerce-code\\vendor</span><span class=\"sf-dump-ellipsis sf-dump-ellipsis-path\">\\laravel\\framework\\</span><span class=\"sf-dump-ellipsis-tail\">src\\Illuminate\\Cookie\\Middleware\\AddQueuedCookiesToResponse.php:37</span></span> {<samp data-depth=3 class=sf-dump-compact>
      <span class=\"sf-dump-note sf-dump-ellipsization\" title=\"Illuminate\\Cookie\\Middleware\\AddQueuedCookiesToResponse-&gt;handle($request, Closure $next)
\"><span class=\"sf-dump-ellipsis sf-dump-ellipsis-note\">Illuminate\\Cookie\\Middleware</span><span class=\"sf-dump-ellipsis sf-dump-ellipsis-note\">\\</span><span class=\"sf-dump-ellipsis-tail\">AddQueuedCookiesToResponse-&gt;handle($request, Closure $next)</span></span> &#8230;
      &#8250; <code class=\"php\"><span class=sf-dump-default>{</span></code>
      &#8250; <code class=\"php\"><span class=sf-dump-const title=\"in Illuminate\\Cookie\\Middleware\\AddQueuedCookiesToResponse-&gt;handle($request, Closure $next)\">    $response = $next($request);</span></code>
      &#8250; 
      <span class=sf-dump-meta>arguments</span>: { &#8230;1}
    </samp>}
    <span class=\"sf-dump-meta sf-dump-ellipsization\" title=\"C:\\laragon\\www\\ecommerce-code\\vendor\\laravel\\framework\\src\\Illuminate\\Pipeline\\Pipeline.php:183
Stack level 29.\"><span class=\"sf-dump-ellipsis sf-dump-ellipsis-path\">C:\\laragon\\www\\ecommerce-code\\vendor</span><span class=\"sf-dump-ellipsis sf-dump-ellipsis-path\">\\laravel\\framework\\</span><span class=\"sf-dump-ellipsis-tail\">src\\Illuminate\\Pipeline\\Pipeline.php:183</span></span> {<samp data-depth=3 class=sf-dump-compact>
      <span class=\"sf-dump-note sf-dump-ellipsization\" title=\"Illuminate\\Pipeline\\Pipeline-&gt;Illuminate\\Pipeline\\{closure}
\"><span class=\"sf-dump-ellipsis sf-dump-ellipsis-note\">Illuminate\\Pipeline\\Pipeline-&gt;Illuminate\\Pipeline</span><span class=\"sf-dump-ellipsis sf-dump-ellipsis-note\">\\</span><span class=\"sf-dump-ellipsis-tail\">{closure}</span></span> &#8230;
      &#8250; <code class=\"php\"><span class=sf-dump-default>$carry = method_exists($pipe, $this-&gt;method)</span></code>
      &#8250; <code class=\"php\"><span class=sf-dump-const title=\"in Illuminate\\Pipeline\\Pipeline-&gt;Illuminate\\Pipeline\\{closure}\">                ? $pipe-&gt;{$this-&gt;method}(...$parameters)</span></code>
      &#8250; <code class=\"php\"><span class=sf-dump-default>                : $pipe(...$parameters);</span></code>
      <span class=sf-dump-meta>arguments</span>: { &#8230;2}
    </samp>}
    <span class=\"sf-dump-meta sf-dump-ellipsization\" title=\"C:\\laragon\\www\\ecommerce-code\\vendor\\laravel\\framework\\src\\Illuminate\\Pipeline\\Pipeline.php:119
Stack level 28.\"><span class=\"sf-dump-ellipsis sf-dump-ellipsis-path\">C:\\laragon\\www\\ecommerce-code\\vendor</span><span class=\"sf-dump-ellipsis sf-dump-ellipsis-path\">\\laravel\\framework\\</span><span class=\"sf-dump-ellipsis-tail\">src\\Illuminate\\Pipeline\\Pipeline.php:119</span></span> {<samp data-depth=3 class=sf-dump-compact>
      <span class=\"sf-dump-note sf-dump-ellipsization\" title=\"Illuminate\\Pipeline\\Pipeline-&gt;then(Closure $destination)
\"><span class=\"sf-dump-ellipsis sf-dump-ellipsis-note\">Illuminate\\Pipeline</span><span class=\"sf-dump-ellipsis sf-dump-ellipsis-note\">\\</span><span class=\"sf-dump-ellipsis-tail\">Pipeline-&gt;then(Closure $destination)</span></span> &#8230;
      &#8250; 
      &#8250; <code class=\"php\"><span class=sf-dump-const title=\"in Illuminate\\Pipeline\\Pipeline-&gt;then(Closure $destination)\">    return $pipeline($this-&gt;passable);</span></code>
      &#8250; <code class=\"php\"><span class=sf-dump-default>}</span></code>
      <span class=sf-dump-meta>arguments</span>: { &#8230;1}
    </samp>}
    <span class=\"sf-dump-meta sf-dump-ellipsization\" title=\"C:\\laragon\\www\\ecommerce-code\\vendor\\laravel\\framework\\src\\Illuminate\\Routing\\Router.php:805
Stack level 27.\"><span class=\"sf-dump-ellipsis sf-dump-ellipsis-path\">C:\\laragon\\www\\ecommerce-code\\vendor</span><span class=\"sf-dump-ellipsis sf-dump-ellipsis-path\">\\laravel\\framework\\</span><span class=\"sf-dump-ellipsis-tail\">src\\Illuminate\\Routing\\Router.php:805</span></span> {<samp data-depth=3 class=sf-dump-compact>
      <span class=\"sf-dump-note sf-dump-ellipsization\" title=\"Illuminate\\Routing\\Router-&gt;runRouteWithinStack(Route $route, Request $request)
\"><span class=\"sf-dump-ellipsis sf-dump-ellipsis-note\">Illuminate\\Routing</span><span class=\"sf-dump-ellipsis sf-dump-ellipsis-note\">\\</span><span class=\"sf-dump-ellipsis-tail\">Router-&gt;runRouteWithinStack(Route $route, Request $request)</span></span> &#8230;
      &#8250; <code class=\"php\"><span class=sf-dump-default>-&gt;through($middleware)</span></code>
      &#8250; <code class=\"php\"><span class=sf-dump-const title=\"in Illuminate\\Routing\\Router-&gt;runRouteWithinStack(Route $route, Request $request)\">-&gt;then(fn ($request) =&gt; $this-&gt;prepareResponse(</span></code>
      &#8250; <code class=\"php\"><span class=sf-dump-default>    $request, $route-&gt;run()</span></code>
      <span class=sf-dump-meta>arguments</span>: { &#8230;1}
    </samp>}
    <span class=\"sf-dump-meta sf-dump-ellipsization\" title=\"C:\\laragon\\www\\ecommerce-code\\vendor\\laravel\\framework\\src\\Illuminate\\Routing\\Router.php:784
Stack level 26.\"><span class=\"sf-dump-ellipsis sf-dump-ellipsis-path\">C:\\laragon\\www\\ecommerce-code\\vendor</span><span class=\"sf-dump-ellipsis sf-dump-ellipsis-path\">\\laravel\\framework\\</span><span class=\"sf-dump-ellipsis-tail\">src\\Illuminate\\Routing\\Router.php:784</span></span> {<samp data-depth=3 class=sf-dump-compact>
      <span class=\"sf-dump-note sf-dump-ellipsization\" title=\"Illuminate\\Routing\\Router-&gt;runRoute(Request $request, Route $route)
\"><span class=\"sf-dump-ellipsis sf-dump-ellipsis-note\">Illuminate\\Routing</span><span class=\"sf-dump-ellipsis sf-dump-ellipsis-note\">\\</span><span class=\"sf-dump-ellipsis-tail\">Router-&gt;runRoute(Request $request, Route $route)</span></span> &#8230;
      &#8250; <code class=\"php\"><span class=sf-dump-default>return $this-&gt;prepareResponse($request,</span></code>
      &#8250; <code class=\"php\"><span class=sf-dump-const title=\"in Illuminate\\Routing\\Router-&gt;runRoute(Request $request, Route $route)\">    $this-&gt;runRouteWithinStack($route, $request)</span></code>
      &#8250; <code class=\"php\"><span class=sf-dump-default>);</span></code>
      <span class=sf-dump-meta>arguments</span>: { &#8230;2}
    </samp>}
    <span class=\"sf-dump-meta sf-dump-ellipsization\" title=\"C:\\laragon\\www\\ecommerce-code\\vendor\\laravel\\framework\\src\\Illuminate\\Routing\\Router.php:748
Stack level 25.\"><span class=\"sf-dump-ellipsis sf-dump-ellipsis-path\">C:\\laragon\\www\\ecommerce-code\\vendor</span><span class=\"sf-dump-ellipsis sf-dump-ellipsis-path\">\\laravel\\framework\\</span><span class=\"sf-dump-ellipsis-tail\">src\\Illuminate\\Routing\\Router.php:748</span></span> {<samp data-depth=3 class=sf-dump-compact>
      <span class=\"sf-dump-note sf-dump-ellipsization\" title=\"Illuminate\\Routing\\Router-&gt;dispatchToRoute(Request $request)
\"><span class=\"sf-dump-ellipsis sf-dump-ellipsis-note\">Illuminate\\Routing</span><span class=\"sf-dump-ellipsis sf-dump-ellipsis-note\">\\</span><span class=\"sf-dump-ellipsis-tail\">Router-&gt;dispatchToRoute(Request $request)</span></span> &#8230;
      &#8250; <code class=\"php\"><span class=sf-dump-default>{</span></code>
      &#8250; <code class=\"php\"><span class=sf-dump-const title=\"in Illuminate\\Routing\\Router-&gt;dispatchToRoute(Request $request)\">    return $this-&gt;runRoute($request, $this-&gt;findRoute($request));</span></code>
      &#8250; <code class=\"php\"><span class=sf-dump-default>}</span></code>
      <span class=sf-dump-meta>arguments</span>: { &#8230;2}
    </samp>}
    <span class=\"sf-dump-meta sf-dump-ellipsization\" title=\"C:\\laragon\\www\\ecommerce-code\\vendor\\laravel\\framework\\src\\Illuminate\\Routing\\Router.php:737
Stack level 24.\"><span class=\"sf-dump-ellipsis sf-dump-ellipsis-path\">C:\\laragon\\www\\ecommerce-code\\vendor</span><span class=\"sf-dump-ellipsis sf-dump-ellipsis-path\">\\laravel\\framework\\</span><span class=\"sf-dump-ellipsis-tail\">src\\Illuminate\\Routing\\Router.php:737</span></span> {<samp data-depth=3 class=sf-dump-compact>
      <span class=\"sf-dump-note sf-dump-ellipsization\" title=\"Illuminate\\Routing\\Router-&gt;dispatch(Request $request)
\"><span class=\"sf-dump-ellipsis sf-dump-ellipsis-note\">Illuminate\\Routing</span><span class=\"sf-dump-ellipsis sf-dump-ellipsis-note\">\\</span><span class=\"sf-dump-ellipsis-tail\">Router-&gt;dispatch(Request $request)</span></span> &#8230;
      &#8250; 
      &#8250; <code class=\"php\"><span class=sf-dump-const title=\"in Illuminate\\Routing\\Router-&gt;dispatch(Request $request)\">    return $this-&gt;dispatchToRoute($request);</span></code>
      &#8250; <code class=\"php\"><span class=sf-dump-default>}</span></code>
      <span class=sf-dump-meta>arguments</span>: { &#8230;1}
    </samp>}
    <span class=\"sf-dump-meta sf-dump-ellipsization\" title=\"C:\\laragon\\www\\ecommerce-code\\vendor\\laravel\\framework\\src\\Illuminate\\Foundation\\Http\\Kernel.php:200
Stack level 23.\"><span class=\"sf-dump-ellipsis sf-dump-ellipsis-path\">C:\\laragon\\www\\ecommerce-code\\vendor</span><span class=\"sf-dump-ellipsis sf-dump-ellipsis-path\">\\laravel\\framework\\</span><span class=\"sf-dump-ellipsis-tail\">src\\Illuminate\\Foundation\\Http\\Kernel.php:200</span></span> {<samp data-depth=3 class=sf-dump-compact>
      <span class=\"sf-dump-note sf-dump-ellipsization\" title=\"Illuminate\\Foundation\\Http\\Kernel-&gt;Illuminate\\Foundation\\Http\\{closure}
\"><span class=\"sf-dump-ellipsis sf-dump-ellipsis-note\">Illuminate\\Foundation\\Http\\Kernel-&gt;Illuminate\\Foundation\\Http</span><span class=\"sf-dump-ellipsis sf-dump-ellipsis-note\">\\</span><span class=\"sf-dump-ellipsis-tail\">{closure}</span></span> &#8230;
      &#8250; 
      &#8250; <code class=\"php\"><span class=sf-dump-const title=\"in Illuminate\\Foundation\\Http\\Kernel-&gt;Illuminate\\Foundation\\Http\\{closure}\">    return $this-&gt;router-&gt;dispatch($request);</span></code>
      &#8250; <code class=\"php\"><span class=sf-dump-default>};</span></code>
      <span class=sf-dump-meta>arguments</span>: { &#8230;1}
    </samp>}
    <span class=\"sf-dump-meta sf-dump-ellipsization\" title=\"C:\\laragon\\www\\ecommerce-code\\vendor\\laravel\\framework\\src\\Illuminate\\Pipeline\\Pipeline.php:144
Stack level 22.\"><span class=\"sf-dump-ellipsis sf-dump-ellipsis-path\">C:\\laragon\\www\\ecommerce-code\\vendor</span><span class=\"sf-dump-ellipsis sf-dump-ellipsis-path\">\\laravel\\framework\\</span><span class=\"sf-dump-ellipsis-tail\">src\\Illuminate\\Pipeline\\Pipeline.php:144</span></span> {<samp data-depth=3 class=sf-dump-compact>
      <span class=\"sf-dump-note sf-dump-ellipsization\" title=\"Illuminate\\Pipeline\\Pipeline-&gt;Illuminate\\Pipeline\\{closure}
\"><span class=\"sf-dump-ellipsis sf-dump-ellipsis-note\">Illuminate\\Pipeline\\Pipeline-&gt;Illuminate\\Pipeline</span><span class=\"sf-dump-ellipsis sf-dump-ellipsis-note\">\\</span><span class=\"sf-dump-ellipsis-tail\">{closure}</span></span> &#8230;
      &#8250; <code class=\"php\"><span class=sf-dump-default>try {</span></code>
      &#8250; <code class=\"php\"><span class=sf-dump-const title=\"in Illuminate\\Pipeline\\Pipeline-&gt;Illuminate\\Pipeline\\{closure}\">    return $destination($passable);</span></code>
      &#8250; <code class=\"php\"><span class=sf-dump-default>} catch (Throwable $e) {</span></code>
      <span class=sf-dump-meta>arguments</span>: { &#8230;1}
    </samp>}
    <span class=\"sf-dump-meta sf-dump-ellipsization\" title=\"C:\\laragon\\www\\ecommerce-code\\vendor\\barryvdh\\laravel-debugbar\\src\\Middleware\\InjectDebugbar.php:59
Stack level 21.\"><span class=\"sf-dump-ellipsis sf-dump-ellipsis-path\">C:\\laragon\\www\\ecommerce-code\\vendor</span><span class=\"sf-dump-ellipsis sf-dump-ellipsis-path\">\\barryvdh\\laravel-debugbar\\</span><span class=\"sf-dump-ellipsis-tail\">src\\Middleware\\InjectDebugbar.php:59</span></span> {<samp data-depth=3 class=sf-dump-compact>
      <span class=\"sf-dump-note sf-dump-ellipsization\" title=\"Barryvdh\\Debugbar\\Middleware\\InjectDebugbar-&gt;handle($request, Closure $next)
\"><span class=\"sf-dump-ellipsis sf-dump-ellipsis-note\">Barryvdh\\Debugbar\\Middleware</span><span class=\"sf-dump-ellipsis sf-dump-ellipsis-note\">\\</span><span class=\"sf-dump-ellipsis-tail\">InjectDebugbar-&gt;handle($request, Closure $next)</span></span> &#8230;
      &#8250; <code class=\"php\"><span class=sf-dump-default>if (!$this-&gt;debugbar-&gt;isEnabled() || $this-&gt;inExceptArray($request)) {</span></code>
      &#8250; <code class=\"php\"><span class=sf-dump-const title=\"in Barryvdh\\Debugbar\\Middleware\\InjectDebugbar-&gt;handle($request, Closure $next)\">    return $next($request);</span></code>
      &#8250; <code class=\"php\"><span class=sf-dump-default>}</span></code>
      <span class=sf-dump-meta>arguments</span>: { &#8230;1}
    </samp>}
    <span class=\"sf-dump-meta sf-dump-ellipsization\" title=\"C:\\laragon\\www\\ecommerce-code\\vendor\\laravel\\framework\\src\\Illuminate\\Pipeline\\Pipeline.php:183
Stack level 20.\"><span class=\"sf-dump-ellipsis sf-dump-ellipsis-path\">C:\\laragon\\www\\ecommerce-code\\vendor</span><span class=\"sf-dump-ellipsis sf-dump-ellipsis-path\">\\laravel\\framework\\</span><span class=\"sf-dump-ellipsis-tail\">src\\Illuminate\\Pipeline\\Pipeline.php:183</span></span> {<samp data-depth=3 class=sf-dump-compact>
      <span class=\"sf-dump-note sf-dump-ellipsization\" title=\"Illuminate\\Pipeline\\Pipeline-&gt;Illuminate\\Pipeline\\{closure}
\"><span class=\"sf-dump-ellipsis sf-dump-ellipsis-note\">Illuminate\\Pipeline\\Pipeline-&gt;Illuminate\\Pipeline</span><span class=\"sf-dump-ellipsis sf-dump-ellipsis-note\">\\</span><span class=\"sf-dump-ellipsis-tail\">{closure}</span></span> &#8230;
      &#8250; <code class=\"php\"><span class=sf-dump-default>$carry = method_exists($pipe, $this-&gt;method)</span></code>
      &#8250; <code class=\"php\"><span class=sf-dump-const title=\"in Illuminate\\Pipeline\\Pipeline-&gt;Illuminate\\Pipeline\\{closure}\">                ? $pipe-&gt;{$this-&gt;method}(...$parameters)</span></code>
      &#8250; <code class=\"php\"><span class=sf-dump-default>                : $pipe(...$parameters);</span></code>
      <span class=sf-dump-meta>arguments</span>: { &#8230;2}
    </samp>}
    <span class=\"sf-dump-meta sf-dump-ellipsization\" title=\"C:\\laragon\\www\\ecommerce-code\\vendor\\laravel\\framework\\src\\Illuminate\\View\\Middleware\\ShareErrorsFromSession.php:49
Stack level 19.\"><span class=\"sf-dump-ellipsis sf-dump-ellipsis-path\">C:\\laragon\\www\\ecommerce-code\\vendor</span><span class=\"sf-dump-ellipsis sf-dump-ellipsis-path\">\\laravel\\framework\\</span><span class=\"sf-dump-ellipsis-tail\">src\\Illuminate\\View\\Middleware\\ShareErrorsFromSession.php:49</span></span> {<samp data-depth=3 class=sf-dump-compact>
      <span class=\"sf-dump-note sf-dump-ellipsization\" title=\"Illuminate\\View\\Middleware\\ShareErrorsFromSession-&gt;handle($request, Closure $next)
\"><span class=\"sf-dump-ellipsis sf-dump-ellipsis-note\">Illuminate\\View\\Middleware</span><span class=\"sf-dump-ellipsis sf-dump-ellipsis-note\">\\</span><span class=\"sf-dump-ellipsis-tail\">ShareErrorsFromSession-&gt;handle($request, Closure $next)</span></span> &#8230;
      &#8250; 
      &#8250; <code class=\"php\"><span class=sf-dump-const title=\"in Illuminate\\View\\Middleware\\ShareErrorsFromSession-&gt;handle($request, Closure $next)\">    return $next($request);</span></code>
      &#8250; <code class=\"php\"><span class=sf-dump-default>}</span></code>
      <span class=sf-dump-meta>arguments</span>: { &#8230;1}
    </samp>}
    <span class=\"sf-dump-meta sf-dump-ellipsization\" title=\"C:\\laragon\\www\\ecommerce-code\\vendor\\laravel\\framework\\src\\Illuminate\\Pipeline\\Pipeline.php:183
Stack level 18.\"><span class=\"sf-dump-ellipsis sf-dump-ellipsis-path\">C:\\laragon\\www\\ecommerce-code\\vendor</span><span class=\"sf-dump-ellipsis sf-dump-ellipsis-path\">\\laravel\\framework\\</span><span class=\"sf-dump-ellipsis-tail\">src\\Illuminate\\Pipeline\\Pipeline.php:183</span></span> {<samp data-depth=3 class=sf-dump-compact>
      <span class=\"sf-dump-note sf-dump-ellipsization\" title=\"Illuminate\\Pipeline\\Pipeline-&gt;Illuminate\\Pipeline\\{closure}
\"><span class=\"sf-dump-ellipsis sf-dump-ellipsis-note\">Illuminate\\Pipeline\\Pipeline-&gt;Illuminate\\Pipeline</span><span class=\"sf-dump-ellipsis sf-dump-ellipsis-note\">\\</span><span class=\"sf-dump-ellipsis-tail\">{closure}</span></span> &#8230;
      &#8250; <code class=\"php\"><span class=sf-dump-default>$carry = method_exists($pipe, $this-&gt;method)</span></code>
      &#8250; <code class=\"php\"><span class=sf-dump-const title=\"in Illuminate\\Pipeline\\Pipeline-&gt;Illuminate\\Pipeline\\{closure}\">                ? $pipe-&gt;{$this-&gt;method}(...$parameters)</span></code>
      &#8250; <code class=\"php\"><span class=sf-dump-default>                : $pipe(...$parameters);</span></code>
      <span class=sf-dump-meta>arguments</span>: { &#8230;2}
    </samp>}
    <span class=\"sf-dump-meta sf-dump-ellipsization\" title=\"C:\\laragon\\www\\ecommerce-code\\vendor\\laravel\\framework\\src\\Illuminate\\Session\\Middleware\\StartSession.php:121
Stack level 17.\"><span class=\"sf-dump-ellipsis sf-dump-ellipsis-path\">C:\\laragon\\www\\ecommerce-code\\vendor</span><span class=\"sf-dump-ellipsis sf-dump-ellipsis-path\">\\laravel\\framework\\</span><span class=\"sf-dump-ellipsis-tail\">src\\Illuminate\\Session\\Middleware\\StartSession.php:121</span></span> {<samp data-depth=3 class=sf-dump-compact>
      <span class=\"sf-dump-note sf-dump-ellipsization\" title=\"Illuminate\\Session\\Middleware\\StartSession-&gt;handleStatefulRequest(Request $request, $session, Closure $next)
\"><span class=\"sf-dump-ellipsis sf-dump-ellipsis-note\">Illuminate\\Session\\Middleware</span><span class=\"sf-dump-ellipsis sf-dump-ellipsis-note\">\\</span><span class=\"sf-dump-ellipsis-tail\">StartSession-&gt;handleStatefulRequest(Request $request, $session, Closure $next)</span></span> &#8230;
      &#8250; 
      &#8250; <code class=\"php\"><span class=sf-dump-const title=\"in Illuminate\\Session\\Middleware\\StartSession-&gt;handleStatefulRequest(Request $request, $session, Closure $next)\">$response = $next($request);</span></code>
      &#8250; 
      <span class=sf-dump-meta>arguments</span>: { &#8230;1}
    </samp>}
    <span class=\"sf-dump-meta sf-dump-ellipsization\" title=\"C:\\laragon\\www\\ecommerce-code\\vendor\\laravel\\framework\\src\\Illuminate\\Session\\Middleware\\StartSession.php:64
Stack level 16.\"><span class=\"sf-dump-ellipsis sf-dump-ellipsis-path\">C:\\laragon\\www\\ecommerce-code\\vendor</span><span class=\"sf-dump-ellipsis sf-dump-ellipsis-path\">\\laravel\\framework\\</span><span class=\"sf-dump-ellipsis-tail\">src\\Illuminate\\Session\\Middleware\\StartSession.php:64</span></span> {<samp data-depth=3 class=sf-dump-compact>
      <span class=\"sf-dump-note sf-dump-ellipsization\" title=\"Illuminate\\Session\\Middleware\\StartSession-&gt;handle($request, Closure $next)
\"><span class=\"sf-dump-ellipsis sf-dump-ellipsis-note\">Illuminate\\Session\\Middleware</span><span class=\"sf-dump-ellipsis sf-dump-ellipsis-note\">\\</span><span class=\"sf-dump-ellipsis-tail\">StartSession-&gt;handle($request, Closure $next)</span></span> &#8230;
      &#8250; 
      &#8250; <code class=\"php\"><span class=sf-dump-const title=\"in Illuminate\\Session\\Middleware\\StartSession-&gt;handle($request, Closure $next)\">    return $this-&gt;handleStatefulRequest($request, $session, $next);</span></code>
      &#8250; <code class=\"php\"><span class=sf-dump-default>}</span></code>
      <span class=sf-dump-meta>arguments</span>: { &#8230;3}
    </samp>}
    <span class=\"sf-dump-meta sf-dump-ellipsization\" title=\"C:\\laragon\\www\\ecommerce-code\\vendor\\laravel\\framework\\src\\Illuminate\\Pipeline\\Pipeline.php:183
Stack level 15.\"><span class=\"sf-dump-ellipsis sf-dump-ellipsis-path\">C:\\laragon\\www\\ecommerce-code\\vendor</span><span class=\"sf-dump-ellipsis sf-dump-ellipsis-path\">\\laravel\\framework\\</span><span class=\"sf-dump-ellipsis-tail\">src\\Illuminate\\Pipeline\\Pipeline.php:183</span></span> {<samp data-depth=3 class=sf-dump-compact>
      <span class=\"sf-dump-note sf-dump-ellipsization\" title=\"Illuminate\\Pipeline\\Pipeline-&gt;Illuminate\\Pipeline\\{closure}
\"><span class=\"sf-dump-ellipsis sf-dump-ellipsis-note\">Illuminate\\Pipeline\\Pipeline-&gt;Illuminate\\Pipeline</span><span class=\"sf-dump-ellipsis sf-dump-ellipsis-note\">\\</span><span class=\"sf-dump-ellipsis-tail\">{closure}</span></span> &#8230;
      &#8250; <code class=\"php\"><span class=sf-dump-default>$carry = method_exists($pipe, $this-&gt;method)</span></code>
      &#8250; <code class=\"php\"><span class=sf-dump-const title=\"in Illuminate\\Pipeline\\Pipeline-&gt;Illuminate\\Pipeline\\{closure}\">                ? $pipe-&gt;{$this-&gt;method}(...$parameters)</span></code>
      &#8250; <code class=\"php\"><span class=sf-dump-default>                : $pipe(...$parameters);</span></code>
      <span class=sf-dump-meta>arguments</span>: { &#8230;2}
    </samp>}
    <span class=\"sf-dump-meta sf-dump-ellipsization\" title=\"C:\\laragon\\www\\ecommerce-code\\vendor\\laravel\\framework\\src\\Illuminate\\Http\\Middleware\\TrustProxies.php:39
Stack level 14.\"><span class=\"sf-dump-ellipsis sf-dump-ellipsis-path\">C:\\laragon\\www\\ecommerce-code\\vendor</span><span class=\"sf-dump-ellipsis sf-dump-ellipsis-path\">\\laravel\\framework\\</span><span class=\"sf-dump-ellipsis-tail\">src\\Illuminate\\Http\\Middleware\\TrustProxies.php:39</span></span> {<samp data-depth=3 class=sf-dump-compact>
      <span class=\"sf-dump-note sf-dump-ellipsization\" title=\"Illuminate\\Http\\Middleware\\TrustProxies-&gt;handle(Request $request, Closure $next)
\"><span class=\"sf-dump-ellipsis sf-dump-ellipsis-note\">Illuminate\\Http\\Middleware</span><span class=\"sf-dump-ellipsis sf-dump-ellipsis-note\">\\</span><span class=\"sf-dump-ellipsis-tail\">TrustProxies-&gt;handle(Request $request, Closure $next)</span></span> &#8230;
      &#8250; 
      &#8250; <code class=\"php\"><span class=sf-dump-const title=\"in Illuminate\\Http\\Middleware\\TrustProxies-&gt;handle(Request $request, Closure $next)\">    return $next($request);</span></code>
      &#8250; <code class=\"php\"><span class=sf-dump-default>}</span></code>
      <span class=sf-dump-meta>arguments</span>: { &#8230;1}
    </samp>}
    <span class=\"sf-dump-meta sf-dump-ellipsization\" title=\"C:\\laragon\\www\\ecommerce-code\\vendor\\laravel\\framework\\src\\Illuminate\\Pipeline\\Pipeline.php:183
Stack level 13.\"><span class=\"sf-dump-ellipsis sf-dump-ellipsis-path\">C:\\laragon\\www\\ecommerce-code\\vendor</span><span class=\"sf-dump-ellipsis sf-dump-ellipsis-path\">\\laravel\\framework\\</span><span class=\"sf-dump-ellipsis-tail\">src\\Illuminate\\Pipeline\\Pipeline.php:183</span></span> {<samp data-depth=3 class=sf-dump-compact>
      <span class=\"sf-dump-note sf-dump-ellipsization\" title=\"Illuminate\\Pipeline\\Pipeline-&gt;Illuminate\\Pipeline\\{closure}
\"><span class=\"sf-dump-ellipsis sf-dump-ellipsis-note\">Illuminate\\Pipeline\\Pipeline-&gt;Illuminate\\Pipeline</span><span class=\"sf-dump-ellipsis sf-dump-ellipsis-note\">\\</span><span class=\"sf-dump-ellipsis-tail\">{closure}</span></span> &#8230;
      &#8250; <code class=\"php\"><span class=sf-dump-default>$carry = method_exists($pipe, $this-&gt;method)</span></code>
      &#8250; <code class=\"php\"><span class=sf-dump-const title=\"in Illuminate\\Pipeline\\Pipeline-&gt;Illuminate\\Pipeline\\{closure}\">                ? $pipe-&gt;{$this-&gt;method}(...$parameters)</span></code>
      &#8250; <code class=\"php\"><span class=sf-dump-default>                : $pipe(...$parameters);</span></code>
      <span class=sf-dump-meta>arguments</span>: { &#8230;2}
    </samp>}
    <span class=\"sf-dump-meta sf-dump-ellipsization\" title=\"C:\\laragon\\www\\ecommerce-code\\vendor\\laravel\\framework\\src\\Illuminate\\Foundation\\Http\\Middleware\\TransformsRequest.php:21
Stack level 12.\"><span class=\"sf-dump-ellipsis sf-dump-ellipsis-path\">C:\\laragon\\www\\ecommerce-code\\vendor</span><span class=\"sf-dump-ellipsis sf-dump-ellipsis-path\">\\laravel\\framework\\</span><span class=\"sf-dump-ellipsis-tail\">src\\Illuminate\\Foundation\\Http\\Middleware\\TransformsRequest.php:21</span></span> {<samp data-depth=3 class=sf-dump-compact>
      <span class=\"sf-dump-note sf-dump-ellipsization\" title=\"Illuminate\\Foundation\\Http\\Middleware\\TransformsRequest-&gt;handle($request, Closure $next)
\"><span class=\"sf-dump-ellipsis sf-dump-ellipsis-note\">Illuminate\\Foundation\\Http\\Middleware</span><span class=\"sf-dump-ellipsis sf-dump-ellipsis-note\">\\</span><span class=\"sf-dump-ellipsis-tail\">TransformsRequest-&gt;handle($request, Closure $next)</span></span> &#8230;
      &#8250; 
      &#8250; <code class=\"php\"><span class=sf-dump-const title=\"in Illuminate\\Foundation\\Http\\Middleware\\TransformsRequest-&gt;handle($request, Closure $next)\">    return $next($request);</span></code>
      &#8250; <code class=\"php\"><span class=sf-dump-default>}</span></code>
      <span class=sf-dump-meta>arguments</span>: { &#8230;1}
    </samp>}
    <span class=\"sf-dump-meta sf-dump-ellipsization\" title=\"C:\\laragon\\www\\ecommerce-code\\vendor\\laravel\\framework\\src\\Illuminate\\Foundation\\Http\\Middleware\\ConvertEmptyStringsToNull.php:31
Stack level 11.\"><span class=\"sf-dump-ellipsis sf-dump-ellipsis-path\">C:\\laragon\\www\\ecommerce-code\\vendor</span><span class=\"sf-dump-ellipsis sf-dump-ellipsis-path\">\\laravel\\framework\\</span><span class=\"sf-dump-ellipsis-tail\">src\\Illuminate\\Foundation\\Http\\Middleware\\ConvertEmptyStringsToNull.php:31</span></span> {<samp data-depth=3 class=sf-dump-compact>
      <span class=\"sf-dump-note sf-dump-ellipsization\" title=\"Illuminate\\Foundation\\Http\\Middleware\\ConvertEmptyStringsToNull-&gt;handle($request, Closure $next)
\"><span class=\"sf-dump-ellipsis sf-dump-ellipsis-note\">Illuminate\\Foundation\\Http\\Middleware</span><span class=\"sf-dump-ellipsis sf-dump-ellipsis-note\">\\</span><span class=\"sf-dump-ellipsis-tail\">ConvertEmptyStringsToNull-&gt;handle($request, Closure $next)</span></span> &#8230;
      &#8250; 
      &#8250; <code class=\"php\"><span class=sf-dump-const title=\"in Illuminate\\Foundation\\Http\\Middleware\\ConvertEmptyStringsToNull-&gt;handle($request, Closure $next)\">    return parent::handle($request, $next);</span></code>
      &#8250; <code class=\"php\"><span class=sf-dump-default>}</span></code>
      <span class=sf-dump-meta>arguments</span>: { &#8230;2}
    </samp>}
    <span class=\"sf-dump-meta sf-dump-ellipsization\" title=\"C:\\laragon\\www\\ecommerce-code\\vendor\\laravel\\framework\\src\\Illuminate\\Pipeline\\Pipeline.php:183
Stack level 10.\"><span class=\"sf-dump-ellipsis sf-dump-ellipsis-path\">C:\\laragon\\www\\ecommerce-code\\vendor</span><span class=\"sf-dump-ellipsis sf-dump-ellipsis-path\">\\laravel\\framework\\</span><span class=\"sf-dump-ellipsis-tail\">src\\Illuminate\\Pipeline\\Pipeline.php:183</span></span> {<samp data-depth=3 class=sf-dump-compact>
      <span class=\"sf-dump-note sf-dump-ellipsization\" title=\"Illuminate\\Pipeline\\Pipeline-&gt;Illuminate\\Pipeline\\{closure}
\"><span class=\"sf-dump-ellipsis sf-dump-ellipsis-note\">Illuminate\\Pipeline\\Pipeline-&gt;Illuminate\\Pipeline</span><span class=\"sf-dump-ellipsis sf-dump-ellipsis-note\">\\</span><span class=\"sf-dump-ellipsis-tail\">{closure}</span></span> &#8230;
      &#8250; <code class=\"php\"><span class=sf-dump-default>$carry = method_exists($pipe, $this-&gt;method)</span></code>
      &#8250; <code class=\"php\"><span class=sf-dump-const title=\"in Illuminate\\Pipeline\\Pipeline-&gt;Illuminate\\Pipeline\\{closure}\">                ? $pipe-&gt;{$this-&gt;method}(...$parameters)</span></code>
      &#8250; <code class=\"php\"><span class=sf-dump-default>                : $pipe(...$parameters);</span></code>
      <span class=sf-dump-meta>arguments</span>: { &#8230;2}
    </samp>}
    <span class=\"sf-dump-meta sf-dump-ellipsization\" title=\"C:\\laragon\\www\\ecommerce-code\\vendor\\laravel\\framework\\src\\Illuminate\\Foundation\\Http\\Middleware\\TransformsRequest.php:21
Stack level 9.\"><span class=\"sf-dump-ellipsis sf-dump-ellipsis-path\">C:\\laragon\\www\\ecommerce-code\\vendor</span><span class=\"sf-dump-ellipsis sf-dump-ellipsis-path\">\\laravel\\framework\\</span><span class=\"sf-dump-ellipsis-tail\">src\\Illuminate\\Foundation\\Http\\Middleware\\TransformsRequest.php:21</span></span> {<samp data-depth=3 class=sf-dump-compact>
      <span class=\"sf-dump-note sf-dump-ellipsization\" title=\"Illuminate\\Foundation\\Http\\Middleware\\TransformsRequest-&gt;handle($request, Closure $next)
\"><span class=\"sf-dump-ellipsis sf-dump-ellipsis-note\">Illuminate\\Foundation\\Http\\Middleware</span><span class=\"sf-dump-ellipsis sf-dump-ellipsis-note\">\\</span><span class=\"sf-dump-ellipsis-tail\">TransformsRequest-&gt;handle($request, Closure $next)</span></span> &#8230;
      &#8250; 
      &#8250; <code class=\"php\"><span class=sf-dump-const title=\"in Illuminate\\Foundation\\Http\\Middleware\\TransformsRequest-&gt;handle($request, Closure $next)\">    return $next($request);</span></code>
      &#8250; <code class=\"php\"><span class=sf-dump-default>}</span></code>
      <span class=sf-dump-meta>arguments</span>: { &#8230;1}
    </samp>}
    <span class=\"sf-dump-meta sf-dump-ellipsization\" title=\"C:\\laragon\\www\\ecommerce-code\\vendor\\laravel\\framework\\src\\Illuminate\\Foundation\\Http\\Middleware\\TrimStrings.php:40
Stack level 8.\"><span class=\"sf-dump-ellipsis sf-dump-ellipsis-path\">C:\\laragon\\www\\ecommerce-code\\vendor</span><span class=\"sf-dump-ellipsis sf-dump-ellipsis-path\">\\laravel\\framework\\</span><span class=\"sf-dump-ellipsis-tail\">src\\Illuminate\\Foundation\\Http\\Middleware\\TrimStrings.php:40</span></span> {<samp data-depth=3 class=sf-dump-compact>
      <span class=\"sf-dump-note sf-dump-ellipsization\" title=\"Illuminate\\Foundation\\Http\\Middleware\\TrimStrings-&gt;handle($request, Closure $next)
\"><span class=\"sf-dump-ellipsis sf-dump-ellipsis-note\">Illuminate\\Foundation\\Http\\Middleware</span><span class=\"sf-dump-ellipsis sf-dump-ellipsis-note\">\\</span><span class=\"sf-dump-ellipsis-tail\">TrimStrings-&gt;handle($request, Closure $next)</span></span> &#8230;
      &#8250; 
      &#8250; <code class=\"php\"><span class=sf-dump-const title=\"in Illuminate\\Foundation\\Http\\Middleware\\TrimStrings-&gt;handle($request, Closure $next)\">    return parent::handle($request, $next);</span></code>
      &#8250; <code class=\"php\"><span class=sf-dump-default>}</span></code>
      <span class=sf-dump-meta>arguments</span>: { &#8230;2}
    </samp>}
    <span class=\"sf-dump-meta sf-dump-ellipsization\" title=\"C:\\laragon\\www\\ecommerce-code\\vendor\\laravel\\framework\\src\\Illuminate\\Pipeline\\Pipeline.php:183
Stack level 7.\"><span class=\"sf-dump-ellipsis sf-dump-ellipsis-path\">C:\\laragon\\www\\ecommerce-code\\vendor</span><span class=\"sf-dump-ellipsis sf-dump-ellipsis-path\">\\laravel\\framework\\</span><span class=\"sf-dump-ellipsis-tail\">src\\Illuminate\\Pipeline\\Pipeline.php:183</span></span> {<samp data-depth=3 class=sf-dump-compact>
      <span class=\"sf-dump-note sf-dump-ellipsization\" title=\"Illuminate\\Pipeline\\Pipeline-&gt;Illuminate\\Pipeline\\{closure}
\"><span class=\"sf-dump-ellipsis sf-dump-ellipsis-note\">Illuminate\\Pipeline\\Pipeline-&gt;Illuminate\\Pipeline</span><span class=\"sf-dump-ellipsis sf-dump-ellipsis-note\">\\</span><span class=\"sf-dump-ellipsis-tail\">{closure}</span></span> &#8230;
      &#8250; <code class=\"php\"><span class=sf-dump-default>$carry = method_exists($pipe, $this-&gt;method)</span></code>
      &#8250; <code class=\"php\"><span class=sf-dump-const title=\"in Illuminate\\Pipeline\\Pipeline-&gt;Illuminate\\Pipeline\\{closure}\">                ? $pipe-&gt;{$this-&gt;method}(...$parameters)</span></code>
      &#8250; <code class=\"php\"><span class=sf-dump-default>                : $pipe(...$parameters);</span></code>
      <span class=sf-dump-meta>arguments</span>: { &#8230;2}
    </samp>}
    <span class=\"sf-dump-meta sf-dump-ellipsization\" title=\"C:\\laragon\\www\\ecommerce-code\\vendor\\laravel\\framework\\src\\Illuminate\\Foundation\\Http\\Middleware\\ValidatePostSize.php:27
Stack level 6.\"><span class=\"sf-dump-ellipsis sf-dump-ellipsis-path\">C:\\laragon\\www\\ecommerce-code\\vendor</span><span class=\"sf-dump-ellipsis sf-dump-ellipsis-path\">\\laravel\\framework\\</span><span class=\"sf-dump-ellipsis-tail\">src\\Illuminate\\Foundation\\Http\\Middleware\\ValidatePostSize.php:27</span></span> {<samp data-depth=3 class=sf-dump-compact>
      <span class=\"sf-dump-note sf-dump-ellipsization\" title=\"Illuminate\\Foundation\\Http\\Middleware\\ValidatePostSize-&gt;handle($request, Closure $next)
\"><span class=\"sf-dump-ellipsis sf-dump-ellipsis-note\">Illuminate\\Foundation\\Http\\Middleware</span><span class=\"sf-dump-ellipsis sf-dump-ellipsis-note\">\\</span><span class=\"sf-dump-ellipsis-tail\">ValidatePostSize-&gt;handle($request, Closure $next)</span></span> &#8230;
      &#8250; 
      &#8250; <code class=\"php\"><span class=sf-dump-const title=\"in Illuminate\\Foundation\\Http\\Middleware\\ValidatePostSize-&gt;handle($request, Closure $next)\">    return $next($request);</span></code>
      &#8250; <code class=\"php\"><span class=sf-dump-default>}</span></code>
      <span class=sf-dump-meta>arguments</span>: { &#8230;1}
    </samp>}
    <span class=\"sf-dump-meta sf-dump-ellipsization\" title=\"C:\\laragon\\www\\ecommerce-code\\vendor\\laravel\\framework\\src\\Illuminate\\Pipeline\\Pipeline.php:183
Stack level 5.\"><span class=\"sf-dump-ellipsis sf-dump-ellipsis-path\">C:\\laragon\\www\\ecommerce-code\\vendor</span><span class=\"sf-dump-ellipsis sf-dump-ellipsis-path\">\\laravel\\framework\\</span><span class=\"sf-dump-ellipsis-tail\">src\\Illuminate\\Pipeline\\Pipeline.php:183</span></span> {<samp data-depth=3 class=sf-dump-compact>
      <span class=\"sf-dump-note sf-dump-ellipsization\" title=\"Illuminate\\Pipeline\\Pipeline-&gt;Illuminate\\Pipeline\\{closure}
\"><span class=\"sf-dump-ellipsis sf-dump-ellipsis-note\">Illuminate\\Pipeline\\Pipeline-&gt;Illuminate\\Pipeline</span><span class=\"sf-dump-ellipsis sf-dump-ellipsis-note\">\\</span><span class=\"sf-dump-ellipsis-tail\">{closure}</span></span> &#8230;
      &#8250; <code class=\"php\"><span class=sf-dump-default>$carry = method_exists($pipe, $this-&gt;method)</span></code>
      &#8250; <code class=\"php\"><span class=sf-dump-const title=\"in Illuminate\\Pipeline\\Pipeline-&gt;Illuminate\\Pipeline\\{closure}\">                ? $pipe-&gt;{$this-&gt;method}(...$parameters)</span></code>
      &#8250; <code class=\"php\"><span class=sf-dump-default>                : $pipe(...$parameters);</span></code>
      <span class=sf-dump-meta>arguments</span>: { &#8230;2}
    </samp>}
    <span class=\"sf-dump-meta sf-dump-ellipsization\" title=\"C:\\laragon\\www\\ecommerce-code\\vendor\\laravel\\framework\\src\\Illuminate\\Pipeline\\Pipeline.php:119
Stack level 4.\"><span class=\"sf-dump-ellipsis sf-dump-ellipsis-path\">C:\\laragon\\www\\ecommerce-code\\vendor</span><span class=\"sf-dump-ellipsis sf-dump-ellipsis-path\">\\laravel\\framework\\</span><span class=\"sf-dump-ellipsis-tail\">src\\Illuminate\\Pipeline\\Pipeline.php:119</span></span> {<samp data-depth=3 class=sf-dump-compact>
      <span class=\"sf-dump-note sf-dump-ellipsization\" title=\"Illuminate\\Pipeline\\Pipeline-&gt;then(Closure $destination)
\"><span class=\"sf-dump-ellipsis sf-dump-ellipsis-note\">Illuminate\\Pipeline</span><span class=\"sf-dump-ellipsis sf-dump-ellipsis-note\">\\</span><span class=\"sf-dump-ellipsis-tail\">Pipeline-&gt;then(Closure $destination)</span></span> &#8230;
      &#8250; 
      &#8250; <code class=\"php\"><span class=sf-dump-const title=\"in Illuminate\\Pipeline\\Pipeline-&gt;then(Closure $destination)\">    return $pipeline($this-&gt;passable);</span></code>
      &#8250; <code class=\"php\"><span class=sf-dump-default>}</span></code>
      <span class=sf-dump-meta>arguments</span>: { &#8230;1}
    </samp>}
    <span class=\"sf-dump-meta sf-dump-ellipsization\" title=\"C:\\laragon\\www\\ecommerce-code\\vendor\\laravel\\framework\\src\\Illuminate\\Foundation\\Http\\Kernel.php:175
Stack level 3.\"><span class=\"sf-dump-ellipsis sf-dump-ellipsis-path\">C:\\laragon\\www\\ecommerce-code\\vendor</span><span class=\"sf-dump-ellipsis sf-dump-ellipsis-path\">\\laravel\\framework\\</span><span class=\"sf-dump-ellipsis-tail\">src\\Illuminate\\Foundation\\Http\\Kernel.php:175</span></span> {<samp data-depth=3 class=sf-dump-compact>
      <span class=\"sf-dump-note sf-dump-ellipsization\" title=\"Illuminate\\Foundation\\Http\\Kernel-&gt;sendRequestThroughRouter($request)
\"><span class=\"sf-dump-ellipsis sf-dump-ellipsis-note\">Illuminate\\Foundation\\Http</span><span class=\"sf-dump-ellipsis sf-dump-ellipsis-note\">\\</span><span class=\"sf-dump-ellipsis-tail\">Kernel-&gt;sendRequestThroughRouter($request)</span></span> &#8230;
      &#8250; <code class=\"php\"><span class=sf-dump-default>                -&gt;through($this-&gt;app-&gt;shouldSkipMiddleware() ? [] : $this-&gt;middleware)</span></code>
      &#8250; <code class=\"php\"><span class=sf-dump-const title=\"in Illuminate\\Foundation\\Http\\Kernel-&gt;sendRequestThroughRouter($request)\">                -&gt;then($this-&gt;dispatchToRouter());</span></code>
      &#8250; <code class=\"php\"><span class=sf-dump-default>}</span></code>
      <span class=sf-dump-meta>arguments</span>: { &#8230;1}
    </samp>}
    <span class=\"sf-dump-meta sf-dump-ellipsization\" title=\"C:\\laragon\\www\\ecommerce-code\\vendor\\laravel\\framework\\src\\Illuminate\\Foundation\\Http\\Kernel.php:144
Stack level 2.\"><span class=\"sf-dump-ellipsis sf-dump-ellipsis-path\">C:\\laragon\\www\\ecommerce-code\\vendor</span><span class=\"sf-dump-ellipsis sf-dump-ellipsis-path\">\\laravel\\framework\\</span><span class=\"sf-dump-ellipsis-tail\">src\\Illuminate\\Foundation\\Http\\Kernel.php:144</span></span> {<samp data-depth=3 class=sf-dump-compact>
      <span class=\"sf-dump-note sf-dump-ellipsization\" title=\"Illuminate\\Foundation\\Http\\Kernel-&gt;handle($request)
\"><span class=\"sf-dump-ellipsis sf-dump-ellipsis-note\">Illuminate\\Foundation\\Http</span><span class=\"sf-dump-ellipsis sf-dump-ellipsis-note\">\\</span><span class=\"sf-dump-ellipsis-tail\">Kernel-&gt;handle($request)</span></span> &#8230;
      &#8250; 
      &#8250; <code class=\"php\"><span class=sf-dump-const title=\"in Illuminate\\Foundation\\Http\\Kernel-&gt;handle($request)\">    $response = $this-&gt;sendRequestThroughRouter($request);</span></code>
      &#8250; <code class=\"php\"><span class=sf-dump-default>} catch (Throwable $e) {</span></code>
      <span class=sf-dump-meta>arguments</span>: { &#8230;1}
    </samp>}
    <span class=\"sf-dump-meta sf-dump-ellipsization\" title=\"C:\\laragon\\www\\ecommerce-code\\index.php:56
Stack level 1.\"><span class=\"sf-dump-ellipsis sf-dump-ellipsis-path\">C:\\laragon\\www\\ecommerce-code</span><span class=\"sf-dump-ellipsis sf-dump-ellipsis-path\">\\</span><span class=\"sf-dump-ellipsis-tail\">index.php:56</span></span> {<samp data-depth=3 class=sf-dump-compact>
      &#8250; <code class=\"php\"><span class=sf-dump-default><span class=\"sf-dump-default sf-dump-ns\">\\r</span></span></code>
      &#8250; <code class=\"php\"><span class=sf-dump-const>$response = $kernel-&gt;handle(<span class=\"sf-dump-default sf-dump-ns\">\\r</span></span></code>
      &#8250; <code class=\"php\"><span class=sf-dump-default>    $request = Illuminate\\Http\\Request::capture()<span class=\"sf-dump-default sf-dump-ns\">\\r</span></span></code>
      <span class=sf-dump-meta>arguments</span>: { &#8230;1}
    </samp>}
  </samp>}
</samp>}
</pre><script>Sfdump(\"sf-dump-1336999836\", {\"maxDepth\":3,\"maxStringLength\":160})</script>
"}},"exception":"[object] (Spatie\\LaravelIgnition\\Exceptions\\ViewException(code: 0): SQLSTATE[42S02]: Base table or view not found: 1146 Table 'db_ecommerce.translations' doesn't exist (Connection: mysql, SQL: select `lang_value`, `lang_key` from `translations` where `lang` = en) at C:/laragon/www/ecommerce-code/vendor/laravel/framework/src/Illuminate/Database/Connection.php:829)
[stacktrace]
#0 C:/laragon/www/ecommerce-code/vendor/laravel/framework/src/Illuminate/Database/Connection.php(783): Illuminate/Database/Connection->runQueryCallback('select `lang_va...', Array, Object(Closure))
#1 C:/laragon/www/ecommerce-code/vendor/laravel/framework/src/Illuminate/Database/Connection.php(414): Illuminate/Database/Connection->run('select `lang_va...', Array, Object(Closure))
#2 C:/laragon/www/ecommerce-code/vendor/laravel/framework/src/Illuminate/Database/Query/Builder.php(2913): Illuminate/Database/Connection->select('select `lang_va...', Array, true)
#3 C:/laragon/www/ecommerce-code/vendor/laravel/framework/src/Illuminate/Database/Query/Builder.php(3142): Illuminate/Database/Query/Builder->runSelect()
#4 C:/laragon/www/ecommerce-code/vendor/laravel/framework/src/Illuminate/Database/Query/Builder.php(3456): Illuminate/Database/Query/Builder->Illuminate/Database/Query/{closure}()
#5 C:/laragon/www/ecommerce-code/vendor/laravel/framework/src/Illuminate/Database/Query/Builder.php(3138): Illuminate/Database/Query/Builder->onceWithColumns(Array, Object(Closure))
#6 C:/laragon/www/ecommerce-code/vendor/laravel/framework/src/Illuminate/Database/Eloquent/Builder.php(889): Illuminate/Database/Query/Builder->pluck('lang_value', 'lang_key')
#7 C:/laragon/www/ecommerce-code/app/Http/Helpers.php(929): Illuminate/Database/Eloquent/Builder->pluck('lang_value', 'lang_key')
#8 C:/laragon/www/ecommerce-code/vendor/laravel/framework/src/Illuminate/Cache/Repository.php(437): {closure}()
#9 C:/laragon/www/ecommerce-code/vendor/laravel/framework/src/Illuminate/Cache/CacheManager.php(429): Illuminate/Cache/Repository->rememberForever('translations-en', Object(Closure))
#10 C:/laragon/www/ecommerce-code/vendor/laravel/framework/src/Illuminate/Support/Facades/Facade.php(355): Illuminate/Cache/CacheManager->__call('rememberForever', Array)
#11 C:/laragon/www/ecommerce-code/app/Http/Helpers.php(928): Illuminate/Support/Facades/Facade::__callStatic('rememberForever', Array)
#12 C:/laragon/www/ecommerce-code/resources/views/errors/500.blade.php(9): translate('Something went ...')
#13 C:/laragon/www/ecommerce-code/vendor/laravel/framework/src/Illuminate/Filesystem/Filesystem.php(123): require('C://laragon//www//...')
#14 C:/laragon/www/ecommerce-code/vendor/laravel/framework/src/Illuminate/Filesystem/Filesystem.php(124): Illuminate/Filesystem/Filesystem::Illuminate/Filesystem/{closure}()
#15 C:/laragon/www/ecommerce-code/vendor/laravel/framework/src/Illuminate/View/Engines/PhpEngine.php(58): Illuminate/Filesystem/Filesystem->getRequire('C://laragon//www//...', Array)
#16 C:/laragon/www/ecommerce-code/vendor/laravel/framework/src/Illuminate/View/Engines/CompilerEngine.php(72): Illuminate/View/Engines/PhpEngine->evaluatePath('C://laragon//www//...', Array)
#17 C:/laragon/www/ecommerce-code/vendor/laravel/framework/src/Illuminate/View/View.php(207): Illuminate/View/Engines/CompilerEngine->get('C://laragon//www//...', Array)
#18 C:/laragon/www/ecommerce-code/vendor/laravel/framework/src/Illuminate/View/View.php(190): Illuminate/View/View->getContents()
#19 C:/laragon/www/ecommerce-code/vendor/laravel/framework/src/Illuminate/View/View.php(159): Illuminate/View/View->renderContents()
#20 C:/laragon/www/ecommerce-code/vendor/laravel/framework/src/Illuminate/Http/Response.php(69): Illuminate/View/View->render()
#21 C:/laragon/www/ecommerce-code/vendor/laravel/framework/src/Illuminate/Http/Response.php(35): Illuminate/Http/Response->setContent(Object(Illuminate/View/View))
#22 C:/laragon/www/ecommerce-code/vendor/laravel/framework/src/Illuminate/Routing/ResponseFactory.php(58): Illuminate/Http/Response->__construct(Object(Illuminate/View/View), 500, Array)
#23 C:/laragon/www/ecommerce-code/vendor/laravel/framework/src/Illuminate/Routing/ResponseFactory.php(88): Illuminate/Routing/ResponseFactory->make(Object(Illuminate/View/View), 500, Array)
#24 C:/laragon/www/ecommerce-code/vendor/laravel/framework/src/Illuminate/Foundation/Exceptions/Handler.php(723): Illuminate/Routing/ResponseFactory->view('errors::500', Array, 500, Array)
#25 C:/laragon/www/ecommerce-code/vendor/laravel/framework/src/Illuminate/Foundation/Exceptions/Handler.php(650): Illuminate/Foundation/Exceptions/Handler->renderHttpException(Object(Symfony/Component/HttpKernel/Exception/HttpException))
#26 C:/laragon/www/ecommerce-code/vendor/laravel/framework/src/Illuminate/Foundation/Exceptions/Handler.php(556): Illuminate/Foundation/Exceptions/Handler->prepareResponse(Object(Illuminate/Http/Request), Object(Symfony/Component/HttpKernel/Exception/HttpException))
#27 C:/laragon/www/ecommerce-code/vendor/laravel/framework/src/Illuminate/Foundation/Exceptions/Handler.php(473): Illuminate/Foundation/Exceptions/Handler->renderExceptionResponse(Object(Illuminate/Http/Request), Object(mysqli_sql_exception))
#28 C:/laragon/www/ecommerce-code/app/Exceptions/Handler.php(59): Illuminate/Foundation/Exceptions/Handler->render(Object(Illuminate/Http/Request), Object(mysqli_sql_exception))
#29 C:/laragon/www/ecommerce-code/vendor/laravel/framework/src/Illuminate/Routing/Pipeline.php(51): App/Exceptions/Handler->render(Object(Illuminate/Http/Request), Object(mysqli_sql_exception))
#30 C:/laragon/www/ecommerce-code/vendor/laravel/framework/src/Illuminate/Pipeline/Pipeline.php(146): Illuminate/Routing/Pipeline->handleException(Object(Illuminate/Http/Request), Object(mysqli_sql_exception))
#31 C:/laragon/www/ecommerce-code/vendor/barryvdh/laravel-debugbar/src/Middleware/InjectDebugbar.php(59): Illuminate/Pipeline/Pipeline->Illuminate/Pipeline/{closure}(Object(Illuminate/Http/Request))
#32 C:/laragon/www/ecommerce-code/vendor/laravel/framework/src/Illuminate/Pipeline/Pipeline.php(183): Barryvdh/Debugbar/Middleware/InjectDebugbar->handle(Object(Illuminate/Http/Request), Object(Closure))
#33 C:/laragon/www/ecommerce-code/app/Http/Middleware/CheckForMaintenanceMode.php(64): Illuminate/Pipeline/Pipeline->Illuminate/Pipeline/{closure}(Object(Illuminate/Http/Request))
#34 C:/laragon/www/ecommerce-code/vendor/laravel/framework/src/Illuminate/Pipeline/Pipeline.php(183): App/Http/Middleware/CheckForMaintenanceMode->handle(Object(Illuminate/Http/Request), Object(Closure))
#35 C:/laragon/www/ecommerce-code/app/Http/Middleware/HttpsProtocol.php(20): Illuminate/Pipeline/Pipeline->Illuminate/Pipeline/{closure}(Object(Illuminate/Http/Request))
#36 C:/laragon/www/ecommerce-code/vendor/laravel/framework/src/Illuminate/Pipeline/Pipeline.php(183): App/Http/Middleware/HttpsProtocol->handle(Object(Illuminate/Http/Request), Object(Closure))
#37 C:/laragon/www/ecommerce-code/app/Http/Middleware/Language.php(35): Illuminate/Pipeline/Pipeline->Illuminate/Pipeline/{closure}(Object(Illuminate/Http/Request))
#38 C:/laragon/www/ecommerce-code/vendor/laravel/framework/src/Illuminate/Pipeline/Pipeline.php(183): App/Http/Middleware/Language->handle(Object(Illuminate/Http/Request), Object(Closure))
#39 C:/laragon/www/ecommerce-code/vendor/laravel/framework/src/Illuminate/Routing/Middleware/SubstituteBindings.php(50): Illuminate/Pipeline/Pipeline->Illuminate/Pipeline/{closure}(Object(Illuminate/Http/Request))
#40 C:/laragon/www/ecommerce-code/vendor/laravel/framework/src/Illuminate/Pipeline/Pipeline.php(183): Illuminate/Routing/Middleware/SubstituteBindings->handle(Object(Illuminate/Http/Request), Object(Closure))
#41 C:/laragon/www/ecommerce-code/vendor/laravel/framework/src/Illuminate/Foundation/Http/Middleware/VerifyCsrfToken.php(78): Illuminate/Pipeline/Pipeline->Illuminate/Pipeline/{closure}(Object(Illuminate/Http/Request))
#42 C:/laragon/www/ecommerce-code/vendor/laravel/framework/src/Illuminate/Pipeline/Pipeline.php(183): Illuminate/Foundation/Http/Middleware/VerifyCsrfToken->handle(Object(Illuminate/Http/Request), Object(Closure))
#43 C:/laragon/www/ecommerce-code/vendor/laravel/framework/src/Illuminate/Cookie/Middleware/AddQueuedCookiesToResponse.php(37): Illuminate/Pipeline/Pipeline->Illuminate/Pipeline/{closure}(Object(Illuminate/Http/Request))
#44 C:/laragon/www/ecommerce-code/vendor/laravel/framework/src/Illuminate/Pipeline/Pipeline.php(183): Illuminate/Cookie/Middleware/AddQueuedCookiesToResponse->handle(Object(Illuminate/Http/Request), Object(Closure))
#45 C:/laragon/www/ecommerce-code/vendor/laravel/framework/src/Illuminate/Pipeline/Pipeline.php(119): Illuminate/Pipeline/Pipeline->Illuminate/Pipeline/{closure}(Object(Illuminate/Http/Request))
#46 C:/laragon/www/ecommerce-code/vendor/laravel/framework/src/Illuminate/Routing/Router.php(805): Illuminate/Pipeline/Pipeline->then(Object(Closure))
#47 C:/laragon/www/ecommerce-code/vendor/laravel/framework/src/Illuminate/Routing/Router.php(784): Illuminate/Routing/Router->runRouteWithinStack(Object(Illuminate/Routing/Route), Object(Illuminate/Http/Request))
#48 C:/laragon/www/ecommerce-code/vendor/laravel/framework/src/Illuminate/Routing/Router.php(748): Illuminate/Routing/Router->runRoute(Object(Illuminate/Http/Request), Object(Illuminate/Routing/Route))
#49 C:/laragon/www/ecommerce-code/vendor/laravel/framework/src/Illuminate/Routing/Router.php(737): Illuminate/Routing/Router->dispatchToRoute(Object(Illuminate/Http/Request))
#50 C:/laragon/www/ecommerce-code/vendor/laravel/framework/src/Illuminate/Foundation/Http/Kernel.php(200): Illuminate/Routing/Router->dispatch(Object(Illuminate/Http/Request))
#51 C:/laragon/www/ecommerce-code/vendor/laravel/framework/src/Illuminate/Pipeline/Pipeline.php(144): Illuminate/Foundation/Http/Kernel->Illuminate/Foundation/Http/{closure}(Object(Illuminate/Http/Request))
#52 C:/laragon/www/ecommerce-code/vendor/barryvdh/laravel-debugbar/src/Middleware/InjectDebugbar.php(59): Illuminate/Pipeline/Pipeline->Illuminate/Pipeline/{closure}(Object(Illuminate/Http/Request))
#53 C:/laragon/www/ecommerce-code/vendor/laravel/framework/src/Illuminate/Pipeline/Pipeline.php(183): Barryvdh/Debugbar/Middleware/InjectDebugbar->handle(Object(Illuminate/Http/Request), Object(Closure))
#54 C:/laragon/www/ecommerce-code/vendor/laravel/framework/src/Illuminate/View/Middleware/ShareErrorsFromSession.php(49): Illuminate/Pipeline/Pipeline->Illuminate/Pipeline/{closure}(Object(Illuminate/Http/Request))
#55 C:/laragon/www/ecommerce-code/vendor/laravel/framework/src/Illuminate/Pipeline/Pipeline.php(183): Illuminate/View/Middleware/ShareErrorsFromSession->handle(Object(Illuminate/Http/Request), Object(Closure))
#56 C:/laragon/www/ecommerce-code/vendor/laravel/framework/src/Illuminate/Session/Middleware/StartSession.php(121): Illuminate/Pipeline/Pipeline->Illuminate/Pipeline/{closure}(Object(Illuminate/Http/Request))
#57 C:/laragon/www/ecommerce-code/vendor/laravel/framework/src/Illuminate/Session/Middleware/StartSession.php(64): Illuminate/Session/Middleware/StartSession->handleStatefulRequest(Object(Illuminate/Http/Request), Object(Illuminate/Session/Store), Object(Closure))
#58 C:/laragon/www/ecommerce-code/vendor/laravel/framework/src/Illuminate/Pipeline/Pipeline.php(183): Illuminate/Session/Middleware/StartSession->handle(Object(Illuminate/Http/Request), Object(Closure))
#59 C:/laragon/www/ecommerce-code/vendor/laravel/framework/src/Illuminate/Http/Middleware/TrustProxies.php(39): Illuminate/Pipeline/Pipeline->Illuminate/Pipeline/{closure}(Object(Illuminate/Http/Request))
#60 C:/laragon/www/ecommerce-code/vendor/laravel/framework/src/Illuminate/Pipeline/Pipeline.php(183): Illuminate/Http/Middleware/TrustProxies->handle(Object(Illuminate/Http/Request), Object(Closure))
#61 C:/laragon/www/ecommerce-code/vendor/laravel/framework/src/Illuminate/Foundation/Http/Middleware/TransformsRequest.php(21): Illuminate/Pipeline/Pipeline->Illuminate/Pipeline/{closure}(Object(Illuminate/Http/Request))
#62 C:/laragon/www/ecommerce-code/vendor/laravel/framework/src/Illuminate/Foundation/Http/Middleware/ConvertEmptyStringsToNull.php(31): Illuminate/Foundation/Http/Middleware/TransformsRequest->handle(Object(Illuminate/Http/Request), Object(Closure))
#63 C:/laragon/www/ecommerce-code/vendor/laravel/framework/src/Illuminate/Pipeline/Pipeline.php(183): Illuminate/Foundation/Http/Middleware/ConvertEmptyStringsToNull->handle(Object(Illuminate/Http/Request), Object(Closure))
#64 C:/laragon/www/ecommerce-code/vendor/laravel/framework/src/Illuminate/Foundation/Http/Middleware/TransformsRequest.php(21): Illuminate/Pipeline/Pipeline->Illuminate/Pipeline/{closure}(Object(Illuminate/Http/Request))
#65 C:/laragon/www/ecommerce-code/vendor/laravel/framework/src/Illuminate/Foundation/Http/Middleware/TrimStrings.php(40): Illuminate/Foundation/Http/Middleware/TransformsRequest->handle(Object(Illuminate/Http/Request), Object(Closure))
#66 C:/laragon/www/ecommerce-code/vendor/laravel/framework/src/Illuminate/Pipeline/Pipeline.php(183): Illuminate/Foundation/Http/Middleware/TrimStrings->handle(Object(Illuminate/Http/Request), Object(Closure))
#67 C:/laragon/www/ecommerce-code/vendor/laravel/framework/src/Illuminate/Foundation/Http/Middleware/ValidatePostSize.php(27): Illuminate/Pipeline/Pipeline->Illuminate/Pipeline/{closure}(Object(Illuminate/Http/Request))
#68 C:/laragon/www/ecommerce-code/vendor/laravel/framework/src/Illuminate/Pipeline/Pipeline.php(183): Illuminate/Foundation/Http/Middleware/ValidatePostSize->handle(Object(Illuminate/Http/Request), Object(Closure))
#69 C:/laragon/www/ecommerce-code/vendor/laravel/framework/src/Illuminate/Pipeline/Pipeline.php(119): Illuminate/Pipeline/Pipeline->Illuminate/Pipeline/{closure}(Object(Illuminate/Http/Request))
#70 C:/laragon/www/ecommerce-code/vendor/laravel/framework/src/Illuminate/Foundation/Http/Kernel.php(175): Illuminate/Pipeline/Pipeline->then(Object(Closure))
#71 C:/laragon/www/ecommerce-code/vendor/laravel/framework/src/Illuminate/Foundation/Http/Kernel.php(144): Illuminate/Foundation/Http/Kernel->sendRequestThroughRouter(Object(Illuminate/Http/Request))
#72 C:/laragon/www/ecommerce-code/index.php(56): Illuminate/Foundation/Http/Kernel->handle(Object(Illuminate/Http/Request))
#73 {main}

[previous exception] [object] (Illuminate\\Database\\QueryException(code: 42S02): SQLSTATE[42S02]: Base table or view not found: 1146 Table 'db_ecommerce.translations' doesn't exist (Connection: mysql, SQL: select `lang_value`, `lang_key` from `translations` where `lang` = en) at C:/laragon/www/ecommerce-code/vendor/laravel/framework/src/Illuminate/Database/Connection.php:829)
[stacktrace]
#0 C:/laragon/www/ecommerce-code/vendor/laravel/framework/src/Illuminate/Database/Connection.php(783): Illuminate/Database/Connection->runQueryCallback('select `lang_va...', Array, Object(Closure))
#1 C:/laragon/www/ecommerce-code/vendor/laravel/framework/src/Illuminate/Database/Connection.php(414): Illuminate/Database/Connection->run('select `lang_va...', Array, Object(Closure))
#2 C:/laragon/www/ecommerce-code/vendor/laravel/framework/src/Illuminate/Database/Query/Builder.php(2913): Illuminate/Database/Connection->select('select `lang_va...', Array, true)
#3 C:/laragon/www/ecommerce-code/vendor/laravel/framework/src/Illuminate/Database/Query/Builder.php(3142): Illuminate/Database/Query/Builder->runSelect()
#4 C:/laragon/www/ecommerce-code/vendor/laravel/framework/src/Illuminate/Database/Query/Builder.php(3456): Illuminate/Database/Query/Builder->Illuminate/Database/Query/{closure}()
#5 C:/laragon/www/ecommerce-code/vendor/laravel/framework/src/Illuminate/Database/Query/Builder.php(3138): Illuminate/Database/Query/Builder->onceWithColumns(Array, Object(Closure))
#6 C:/laragon/www/ecommerce-code/vendor/laravel/framework/src/Illuminate/Database/Eloquent/Builder.php(889): Illuminate/Database/Query/Builder->pluck('lang_value', 'lang_key')
#7 C:/laragon/www/ecommerce-code/app/Http/Helpers.php(929): Illuminate/Database/Eloquent/Builder->pluck('lang_value', 'lang_key')
#8 C:/laragon/www/ecommerce-code/vendor/laravel/framework/src/Illuminate/Cache/Repository.php(437): {closure}()
#9 C:/laragon/www/ecommerce-code/vendor/laravel/framework/src/Illuminate/Cache/CacheManager.php(429): Illuminate/Cache/Repository->rememberForever('translations-en', Object(Closure))
#10 C:/laragon/www/ecommerce-code/vendor/laravel/framework/src/Illuminate/Support/Facades/Facade.php(355): Illuminate/Cache/CacheManager->__call('rememberForever', Array)
#11 C:/laragon/www/ecommerce-code/app/Http/Helpers.php(928): Illuminate/Support/Facades/Facade::__callStatic('rememberForever', Array)
#12 C:/laragon/www/ecommerce-code/storage/framework/views/13b718c7666669f7bd50c92921c28edd.php(9): translate('Something went ...')
#13 C:/laragon/www/ecommerce-code/vendor/laravel/framework/src/Illuminate/Filesystem/Filesystem.php(123): require('C://laragon//www//...')
#14 C:/laragon/www/ecommerce-code/vendor/laravel/framework/src/Illuminate/Filesystem/Filesystem.php(124): Illuminate/Filesystem/Filesystem::Illuminate/Filesystem/{closure}()
#15 C:/laragon/www/ecommerce-code/vendor/laravel/framework/src/Illuminate/View/Engines/PhpEngine.php(58): Illuminate/Filesystem/Filesystem->getRequire('C://laragon//www//...', Array)
#16 C:/laragon/www/ecommerce-code/vendor/laravel/framework/src/Illuminate/View/Engines/CompilerEngine.php(72): Illuminate/View/Engines/PhpEngine->evaluatePath('C://laragon//www//...', Array)
#17 C:/laragon/www/ecommerce-code/vendor/laravel/framework/src/Illuminate/View/View.php(207): Illuminate/View/Engines/CompilerEngine->get('C://laragon//www//...', Array)
#18 C:/laragon/www/ecommerce-code/vendor/laravel/framework/src/Illuminate/View/View.php(190): Illuminate/View/View->getContents()
#19 C:/laragon/www/ecommerce-code/vendor/laravel/framework/src/Illuminate/View/View.php(159): Illuminate/View/View->renderContents()
#20 C:/laragon/www/ecommerce-code/vendor/laravel/framework/src/Illuminate/Http/Response.php(69): Illuminate/View/View->render()
#21 C:/laragon/www/ecommerce-code/vendor/laravel/framework/src/Illuminate/Http/Response.php(35): Illuminate/Http/Response->setContent(Object(Illuminate/View/View))
#22 C:/laragon/www/ecommerce-code/vendor/laravel/framework/src/Illuminate/Routing/ResponseFactory.php(58): Illuminate/Http/Response->__construct(Object(Illuminate/View/View), 500, Array)
#23 C:/laragon/www/ecommerce-code/vendor/laravel/framework/src/Illuminate/Routing/ResponseFactory.php(88): Illuminate/Routing/ResponseFactory->make(Object(Illuminate/View/View), 500, Array)
#24 C:/laragon/www/ecommerce-code/vendor/laravel/framework/src/Illuminate/Foundation/Exceptions/Handler.php(723): Illuminate/Routing/ResponseFactory->view('errors::500', Array, 500, Array)
#25 C:/laragon/www/ecommerce-code/vendor/laravel/framework/src/Illuminate/Foundation/Exceptions/Handler.php(650): Illuminate/Foundation/Exceptions/Handler->renderHttpException(Object(Symfony/Component/HttpKernel/Exception/HttpException))
#26 C:/laragon/www/ecommerce-code/vendor/laravel/framework/src/Illuminate/Foundation/Exceptions/Handler.php(556): Illuminate/Foundation/Exceptions/Handler->prepareResponse(Object(Illuminate/Http/Request), Object(Symfony/Component/HttpKernel/Exception/HttpException))
#27 C:/laragon/www/ecommerce-code/vendor/laravel/framework/src/Illuminate/Foundation/Exceptions/Handler.php(473): Illuminate/Foundation/Exceptions/Handler->renderExceptionResponse(Object(Illuminate/Http/Request), Object(mysqli_sql_exception))
#28 C:/laragon/www/ecommerce-code/app/Exceptions/Handler.php(59): Illuminate/Foundation/Exceptions/Handler->render(Object(Illuminate/Http/Request), Object(mysqli_sql_exception))
#29 C:/laragon/www/ecommerce-code/vendor/laravel/framework/src/Illuminate/Routing/Pipeline.php(51): App/Exceptions/Handler->render(Object(Illuminate/Http/Request), Object(mysqli_sql_exception))
#30 C:/laragon/www/ecommerce-code/vendor/laravel/framework/src/Illuminate/Pipeline/Pipeline.php(146): Illuminate/Routing/Pipeline->handleException(Object(Illuminate/Http/Request), Object(mysqli_sql_exception))
#31 C:/laragon/www/ecommerce-code/vendor/barryvdh/laravel-debugbar/src/Middleware/InjectDebugbar.php(59): Illuminate/Pipeline/Pipeline->Illuminate/Pipeline/{closure}(Object(Illuminate/Http/Request))
#32 C:/laragon/www/ecommerce-code/vendor/laravel/framework/src/Illuminate/Pipeline/Pipeline.php(183): Barryvdh/Debugbar/Middleware/InjectDebugbar->handle(Object(Illuminate/Http/Request), Object(Closure))
#33 C:/laragon/www/ecommerce-code/app/Http/Middleware/CheckForMaintenanceMode.php(64): Illuminate/Pipeline/Pipeline->Illuminate/Pipeline/{closure}(Object(Illuminate/Http/Request))
#34 C:/laragon/www/ecommerce-code/vendor/laravel/framework/src/Illuminate/Pipeline/Pipeline.php(183): App/Http/Middleware/CheckForMaintenanceMode->handle(Object(Illuminate/Http/Request), Object(Closure))
#35 C:/laragon/www/ecommerce-code/app/Http/Middleware/HttpsProtocol.php(20): Illuminate/Pipeline/Pipeline->Illuminate/Pipeline/{closure}(Object(Illuminate/Http/Request))
#36 C:/laragon/www/ecommerce-code/vendor/laravel/framework/src/Illuminate/Pipeline/Pipeline.php(183): App/Http/Middleware/HttpsProtocol->handle(Object(Illuminate/Http/Request), Object(Closure))
#37 C:/laragon/www/ecommerce-code/app/Http/Middleware/Language.php(35): Illuminate/Pipeline/Pipeline->Illuminate/Pipeline/{closure}(Object(Illuminate/Http/Request))
#38 C:/laragon/www/ecommerce-code/vendor/laravel/framework/src/Illuminate/Pipeline/Pipeline.php(183): App/Http/Middleware/Language->handle(Object(Illuminate/Http/Request), Object(Closure))
#39 C:/laragon/www/ecommerce-code/vendor/laravel/framework/src/Illuminate/Routing/Middleware/SubstituteBindings.php(50): Illuminate/Pipeline/Pipeline->Illuminate/Pipeline/{closure}(Object(Illuminate/Http/Request))
#40 C:/laragon/www/ecommerce-code/vendor/laravel/framework/src/Illuminate/Pipeline/Pipeline.php(183): Illuminate/Routing/Middleware/SubstituteBindings->handle(Object(Illuminate/Http/Request), Object(Closure))
#41 C:/laragon/www/ecommerce-code/vendor/laravel/framework/src/Illuminate/Foundation/Http/Middleware/VerifyCsrfToken.php(78): Illuminate/Pipeline/Pipeline->Illuminate/Pipeline/{closure}(Object(Illuminate/Http/Request))
#42 C:/laragon/www/ecommerce-code/vendor/laravel/framework/src/Illuminate/Pipeline/Pipeline.php(183): Illuminate/Foundation/Http/Middleware/VerifyCsrfToken->handle(Object(Illuminate/Http/Request), Object(Closure))
#43 C:/laragon/www/ecommerce-code/vendor/laravel/framework/src/Illuminate/Cookie/Middleware/AddQueuedCookiesToResponse.php(37): Illuminate/Pipeline/Pipeline->Illuminate/Pipeline/{closure}(Object(Illuminate/Http/Request))
#44 C:/laragon/www/ecommerce-code/vendor/laravel/framework/src/Illuminate/Pipeline/Pipeline.php(183): Illuminate/Cookie/Middleware/AddQueuedCookiesToResponse->handle(Object(Illuminate/Http/Request), Object(Closure))
#45 C:/laragon/www/ecommerce-code/vendor/laravel/framework/src/Illuminate/Pipeline/Pipeline.php(119): Illuminate/Pipeline/Pipeline->Illuminate/Pipeline/{closure}(Object(Illuminate/Http/Request))
#46 C:/laragon/www/ecommerce-code/vendor/laravel/framework/src/Illuminate/Routing/Router.php(805): Illuminate/Pipeline/Pipeline->then(Object(Closure))
#47 C:/laragon/www/ecommerce-code/vendor/laravel/framework/src/Illuminate/Routing/Router.php(784): Illuminate/Routing/Router->runRouteWithinStack(Object(Illuminate/Routing/Route), Object(Illuminate/Http/Request))
#48 C:/laragon/www/ecommerce-code/vendor/laravel/framework/src/Illuminate/Routing/Router.php(748): Illuminate/Routing/Router->runRoute(Object(Illuminate/Http/Request), Object(Illuminate/Routing/Route))
#49 C:/laragon/www/ecommerce-code/vendor/laravel/framework/src/Illuminate/Routing/Router.php(737): Illuminate/Routing/Router->dispatchToRoute(Object(Illuminate/Http/Request))
#50 C:/laragon/www/ecommerce-code/vendor/laravel/framework/src/Illuminate/Foundation/Http/Kernel.php(200): Illuminate/Routing/Router->dispatch(Object(Illuminate/Http/Request))
#51 C:/laragon/www/ecommerce-code/vendor/laravel/framework/src/Illuminate/Pipeline/Pipeline.php(144): Illuminate/Foundation/Http/Kernel->Illuminate/Foundation/Http/{closure}(Object(Illuminate/Http/Request))
#52 C:/laragon/www/ecommerce-code/vendor/barryvdh/laravel-debugbar/src/Middleware/InjectDebugbar.php(59): Illuminate/Pipeline/Pipeline->Illuminate/Pipeline/{closure}(Object(Illuminate/Http/Request))
#53 C:/laragon/www/ecommerce-code/vendor/laravel/framework/src/Illuminate/Pipeline/Pipeline.php(183): Barryvdh/Debugbar/Middleware/InjectDebugbar->handle(Object(Illuminate/Http/Request), Object(Closure))
#54 C:/laragon/www/ecommerce-code/vendor/laravel/framework/src/Illuminate/View/Middleware/ShareErrorsFromSession.php(49): Illuminate/Pipeline/Pipeline->Illuminate/Pipeline/{closure}(Object(Illuminate/Http/Request))
#55 C:/laragon/www/ecommerce-code/vendor/laravel/framework/src/Illuminate/Pipeline/Pipeline.php(183): Illuminate/View/Middleware/ShareErrorsFromSession->handle(Object(Illuminate/Http/Request), Object(Closure))
#56 C:/laragon/www/ecommerce-code/vendor/laravel/framework/src/Illuminate/Session/Middleware/StartSession.php(121): Illuminate/Pipeline/Pipeline->Illuminate/Pipeline/{closure}(Object(Illuminate/Http/Request))
#57 C:/laragon/www/ecommerce-code/vendor/laravel/framework/src/Illuminate/Session/Middleware/StartSession.php(64): Illuminate/Session/Middleware/StartSession->handleStatefulRequest(Object(Illuminate/Http/Request), Object(Illuminate/Session/Store), Object(Closure))
#58 C:/laragon/www/ecommerce-code/vendor/laravel/framework/src/Illuminate/Pipeline/Pipeline.php(183): Illuminate/Session/Middleware/StartSession->handle(Object(Illuminate/Http/Request), Object(Closure))
#59 C:/laragon/www/ecommerce-code/vendor/laravel/framework/src/Illuminate/Http/Middleware/TrustProxies.php(39): Illuminate/Pipeline/Pipeline->Illuminate/Pipeline/{closure}(Object(Illuminate/Http/Request))
#60 C:/laragon/www/ecommerce-code/vendor/laravel/framework/src/Illuminate/Pipeline/Pipeline.php(183): Illuminate/Http/Middleware/TrustProxies->handle(Object(Illuminate/Http/Request), Object(Closure))
#61 C:/laragon/www/ecommerce-code/vendor/laravel/framework/src/Illuminate/Foundation/Http/Middleware/TransformsRequest.php(21): Illuminate/Pipeline/Pipeline->Illuminate/Pipeline/{closure}(Object(Illuminate/Http/Request))
#62 C:/laragon/www/ecommerce-code/vendor/laravel/framework/src/Illuminate/Foundation/Http/Middleware/ConvertEmptyStringsToNull.php(31): Illuminate/Foundation/Http/Middleware/TransformsRequest->handle(Object(Illuminate/Http/Request), Object(Closure))
#63 C:/laragon/www/ecommerce-code/vendor/laravel/framework/src/Illuminate/Pipeline/Pipeline.php(183): Illuminate/Foundation/Http/Middleware/ConvertEmptyStringsToNull->handle(Object(Illuminate/Http/Request), Object(Closure))
#64 C:/laragon/www/ecommerce-code/vendor/laravel/framework/src/Illuminate/Foundation/Http/Middleware/TransformsRequest.php(21): Illuminate/Pipeline/Pipeline->Illuminate/Pipeline/{closure}(Object(Illuminate/Http/Request))
#65 C:/laragon/www/ecommerce-code/vendor/laravel/framework/src/Illuminate/Foundation/Http/Middleware/TrimStrings.php(40): Illuminate/Foundation/Http/Middleware/TransformsRequest->handle(Object(Illuminate/Http/Request), Object(Closure))
#66 C:/laragon/www/ecommerce-code/vendor/laravel/framework/src/Illuminate/Pipeline/Pipeline.php(183): Illuminate/Foundation/Http/Middleware/TrimStrings->handle(Object(Illuminate/Http/Request), Object(Closure))
#67 C:/laragon/www/ecommerce-code/vendor/laravel/framework/src/Illuminate/Foundation/Http/Middleware/ValidatePostSize.php(27): Illuminate/Pipeline/Pipeline->Illuminate/Pipeline/{closure}(Object(Illuminate/Http/Request))
#68 C:/laragon/www/ecommerce-code/vendor/laravel/framework/src/Illuminate/Pipeline/Pipeline.php(183): Illuminate/Foundation/Http/Middleware/ValidatePostSize->handle(Object(Illuminate/Http/Request), Object(Closure))
#69 C:/laragon/www/ecommerce-code/vendor/laravel/framework/src/Illuminate/Pipeline/Pipeline.php(119): Illuminate/Pipeline/Pipeline->Illuminate/Pipeline/{closure}(Object(Illuminate/Http/Request))
#70 C:/laragon/www/ecommerce-code/vendor/laravel/framework/src/Illuminate/Foundation/Http/Kernel.php(175): Illuminate/Pipeline/Pipeline->then(Object(Closure))
#71 C:/laragon/www/ecommerce-code/vendor/laravel/framework/src/Illuminate/Foundation/Http/Kernel.php(144): Illuminate/Foundation/Http/Kernel->sendRequestThroughRouter(Object(Illuminate/Http/Request))
#72 C:/laragon/www/ecommerce-code/index.php(56): Illuminate/Foundation/Http/Kernel->handle(Object(Illuminate/Http/Request))
#73 {main}

[previous exception] [object] (PDOException(code: 42S02): SQLSTATE[42S02]: Base table or view not found: 1146 Table 'db_ecommerce.translations' doesn't exist at C:/laragon/www/ecommerce-code/vendor/laravel/framework/src/Illuminate/Database/Connection.php:423)
[stacktrace]
#0 C:/laragon/www/ecommerce-code/vendor/laravel/framework/src/Illuminate/Database/Connection.php(423): PDO->prepare('select `lang_va...')
#1 C:/laragon/www/ecommerce-code/vendor/laravel/framework/src/Illuminate/Database/Connection.php(816): Illuminate/Database/Connection->Illuminate/Database/{closure}('select `lang_va...', Array)
#2 C:/laragon/www/ecommerce-code/vendor/laravel/framework/src/Illuminate/Database/Connection.php(783): Illuminate/Database/Connection->runQueryCallback('select `lang_va...', Array, Object(Closure))
#3 C:/laragon/www/ecommerce-code/vendor/laravel/framework/src/Illuminate/Database/Connection.php(414): Illuminate/Database/Connection->run('select `lang_va...', Array, Object(Closure))
#4 C:/laragon/www/ecommerce-code/vendor/laravel/framework/src/Illuminate/Database/Query/Builder.php(2913): Illuminate/Database/Connection->select('select `lang_va...', Array, true)
#5 C:/laragon/www/ecommerce-code/vendor/laravel/framework/src/Illuminate/Database/Query/Builder.php(3142): Illuminate/Database/Query/Builder->runSelect()
#6 C:/laragon/www/ecommerce-code/vendor/laravel/framework/src/Illuminate/Database/Query/Builder.php(3456): Illuminate/Database/Query/Builder->Illuminate/Database/Query/{closure}()
#7 C:/laragon/www/ecommerce-code/vendor/laravel/framework/src/Illuminate/Database/Query/Builder.php(3138): Illuminate/Database/Query/Builder->onceWithColumns(Array, Object(Closure))
#8 C:/laragon/www/ecommerce-code/vendor/laravel/framework/src/Illuminate/Database/Eloquent/Builder.php(889): Illuminate/Database/Query/Builder->pluck('lang_value', 'lang_key')
#9 C:/laragon/www/ecommerce-code/app/Http/Helpers.php(929): Illuminate/Database/Eloquent/Builder->pluck('lang_value', 'lang_key')
#10 C:/laragon/www/ecommerce-code/vendor/laravel/framework/src/Illuminate/Cache/Repository.php(437): {closure}()
#11 C:/laragon/www/ecommerce-code/vendor/laravel/framework/src/Illuminate/Cache/CacheManager.php(429): Illuminate/Cache/Repository->rememberForever('translations-en', Object(Closure))
#12 C:/laragon/www/ecommerce-code/vendor/laravel/framework/src/Illuminate/Support/Facades/Facade.php(355): Illuminate/Cache/CacheManager->__call('rememberForever', Array)
#13 C:/laragon/www/ecommerce-code/app/Http/Helpers.php(928): Illuminate/Support/Facades/Facade::__callStatic('rememberForever', Array)
#14 C:/laragon/www/ecommerce-code/storage/framework/views/13b718c7666669f7bd50c92921c28edd.php(9): translate('Something went ...')
#15 C:/laragon/www/ecommerce-code/vendor/laravel/framework/src/Illuminate/Filesystem/Filesystem.php(123): require('C://laragon//www//...')
#16 C:/laragon/www/ecommerce-code/vendor/laravel/framework/src/Illuminate/Filesystem/Filesystem.php(124): Illuminate/Filesystem/Filesystem::Illuminate/Filesystem/{closure}()
#17 C:/laragon/www/ecommerce-code/vendor/laravel/framework/src/Illuminate/View/Engines/PhpEngine.php(58): Illuminate/Filesystem/Filesystem->getRequire('C://laragon//www//...', Array)
#18 C:/laragon/www/ecommerce-code/vendor/laravel/framework/src/Illuminate/View/Engines/CompilerEngine.php(72): Illuminate/View/Engines/PhpEngine->evaluatePath('C://laragon//www//...', Array)
#19 C:/laragon/www/ecommerce-code/vendor/laravel/framework/src/Illuminate/View/View.php(207): Illuminate/View/Engines/CompilerEngine->get('C://laragon//www//...', Array)
#20 C:/laragon/www/ecommerce-code/vendor/laravel/framework/src/Illuminate/View/View.php(190): Illuminate/View/View->getContents()
#21 C:/laragon/www/ecommerce-code/vendor/laravel/framework/src/Illuminate/View/View.php(159): Illuminate/View/View->renderContents()
#22 C:/laragon/www/ecommerce-code/vendor/laravel/framework/src/Illuminate/Http/Response.php(69): Illuminate/View/View->render()
#23 C:/laragon/www/ecommerce-code/vendor/laravel/framework/src/Illuminate/Http/Response.php(35): Illuminate/Http/Response->setContent(Object(Illuminate/View/View))
#24 C:/laragon/www/ecommerce-code/vendor/laravel/framework/src/Illuminate/Routing/ResponseFactory.php(58): Illuminate/Http/Response->__construct(Object(Illuminate/View/View), 500, Array)
#25 C:/laragon/www/ecommerce-code/vendor/laravel/framework/src/Illuminate/Routing/ResponseFactory.php(88): Illuminate/Routing/ResponseFactory->make(Object(Illuminate/View/View), 500, Array)
#26 C:/laragon/www/ecommerce-code/vendor/laravel/framework/src/Illuminate/Foundation/Exceptions/Handler.php(723): Illuminate/Routing/ResponseFactory->view('errors::500', Array, 500, Array)
#27 C:/laragon/www/ecommerce-code/vendor/laravel/framework/src/Illuminate/Foundation/Exceptions/Handler.php(650): Illuminate/Foundation/Exceptions/Handler->renderHttpException(Object(Symfony/Component/HttpKernel/Exception/HttpException))
#28 C:/laragon/www/ecommerce-code/vendor/laravel/framework/src/Illuminate/Foundation/Exceptions/Handler.php(556): Illuminate/Foundation/Exceptions/Handler->prepareResponse(Object(Illuminate/Http/Request), Object(Symfony/Component/HttpKernel/Exception/HttpException))
#29 C:/laragon/www/ecommerce-code/vendor/laravel/framework/src/Illuminate/Foundation/Exceptions/Handler.php(473): Illuminate/Foundation/Exceptions/Handler->renderExceptionResponse(Object(Illuminate/Http/Request), Object(mysqli_sql_exception))
#30 C:/laragon/www/ecommerce-code/app/Exceptions/Handler.php(59): Illuminate/Foundation/Exceptions/Handler->render(Object(Illuminate/Http/Request), Object(mysqli_sql_exception))
#31 C:/laragon/www/ecommerce-code/vendor/laravel/framework/src/Illuminate/Routing/Pipeline.php(51): App/Exceptions/Handler->render(Object(Illuminate/Http/Request), Object(mysqli_sql_exception))
#32 C:/laragon/www/ecommerce-code/vendor/laravel/framework/src/Illuminate/Pipeline/Pipeline.php(146): Illuminate/Routing/Pipeline->handleException(Object(Illuminate/Http/Request), Object(mysqli_sql_exception))
#33 C:/laragon/www/ecommerce-code/vendor/barryvdh/laravel-debugbar/src/Middleware/InjectDebugbar.php(59): Illuminate/Pipeline/Pipeline->Illuminate/Pipeline/{closure}(Object(Illuminate/Http/Request))
#34 C:/laragon/www/ecommerce-code/vendor/laravel/framework/src/Illuminate/Pipeline/Pipeline.php(183): Barryvdh/Debugbar/Middleware/InjectDebugbar->handle(Object(Illuminate/Http/Request), Object(Closure))
#35 C:/laragon/www/ecommerce-code/app/Http/Middleware/CheckForMaintenanceMode.php(64): Illuminate/Pipeline/Pipeline->Illuminate/Pipeline/{closure}(Object(Illuminate/Http/Request))
#36 C:/laragon/www/ecommerce-code/vendor/laravel/framework/src/Illuminate/Pipeline/Pipeline.php(183): App/Http/Middleware/CheckForMaintenanceMode->handle(Object(Illuminate/Http/Request), Object(Closure))
#37 C:/laragon/www/ecommerce-code/app/Http/Middleware/HttpsProtocol.php(20): Illuminate/Pipeline/Pipeline->Illuminate/Pipeline/{closure}(Object(Illuminate/Http/Request))
#38 C:/laragon/www/ecommerce-code/vendor/laravel/framework/src/Illuminate/Pipeline/Pipeline.php(183): App/Http/Middleware/HttpsProtocol->handle(Object(Illuminate/Http/Request), Object(Closure))
#39 C:/laragon/www/ecommerce-code/app/Http/Middleware/Language.php(35): Illuminate/Pipeline/Pipeline->Illuminate/Pipeline/{closure}(Object(Illuminate/Http/Request))
#40 C:/laragon/www/ecommerce-code/vendor/laravel/framework/src/Illuminate/Pipeline/Pipeline.php(183): App/Http/Middleware/Language->handle(Object(Illuminate/Http/Request), Object(Closure))
#41 C:/laragon/www/ecommerce-code/vendor/laravel/framework/src/Illuminate/Routing/Middleware/SubstituteBindings.php(50): Illuminate/Pipeline/Pipeline->Illuminate/Pipeline/{closure}(Object(Illuminate/Http/Request))
#42 C:/laragon/www/ecommerce-code/vendor/laravel/framework/src/Illuminate/Pipeline/Pipeline.php(183): Illuminate/Routing/Middleware/SubstituteBindings->handle(Object(Illuminate/Http/Request), Object(Closure))
#43 C:/laragon/www/ecommerce-code/vendor/laravel/framework/src/Illuminate/Foundation/Http/Middleware/VerifyCsrfToken.php(78): Illuminate/Pipeline/Pipeline->Illuminate/Pipeline/{closure}(Object(Illuminate/Http/Request))
#44 C:/laragon/www/ecommerce-code/vendor/laravel/framework/src/Illuminate/Pipeline/Pipeline.php(183): Illuminate/Foundation/Http/Middleware/VerifyCsrfToken->handle(Object(Illuminate/Http/Request), Object(Closure))
#45 C:/laragon/www/ecommerce-code/vendor/laravel/framework/src/Illuminate/Cookie/Middleware/AddQueuedCookiesToResponse.php(37): Illuminate/Pipeline/Pipeline->Illuminate/Pipeline/{closure}(Object(Illuminate/Http/Request))
#46 C:/laragon/www/ecommerce-code/vendor/laravel/framework/src/Illuminate/Pipeline/Pipeline.php(183): Illuminate/Cookie/Middleware/AddQueuedCookiesToResponse->handle(Object(Illuminate/Http/Request), Object(Closure))
#47 C:/laragon/www/ecommerce-code/vendor/laravel/framework/src/Illuminate/Pipeline/Pipeline.php(119): Illuminate/Pipeline/Pipeline->Illuminate/Pipeline/{closure}(Object(Illuminate/Http/Request))
#48 C:/laragon/www/ecommerce-code/vendor/laravel/framework/src/Illuminate/Routing/Router.php(805): Illuminate/Pipeline/Pipeline->then(Object(Closure))
#49 C:/laragon/www/ecommerce-code/vendor/laravel/framework/src/Illuminate/Routing/Router.php(784): Illuminate/Routing/Router->runRouteWithinStack(Object(Illuminate/Routing/Route), Object(Illuminate/Http/Request))
#50 C:/laragon/www/ecommerce-code/vendor/laravel/framework/src/Illuminate/Routing/Router.php(748): Illuminate/Routing/Router->runRoute(Object(Illuminate/Http/Request), Object(Illuminate/Routing/Route))
#51 C:/laragon/www/ecommerce-code/vendor/laravel/framework/src/Illuminate/Routing/Router.php(737): Illuminate/Routing/Router->dispatchToRoute(Object(Illuminate/Http/Request))
#52 C:/laragon/www/ecommerce-code/vendor/laravel/framework/src/Illuminate/Foundation/Http/Kernel.php(200): Illuminate/Routing/Router->dispatch(Object(Illuminate/Http/Request))
#53 C:/laragon/www/ecommerce-code/vendor/laravel/framework/src/Illuminate/Pipeline/Pipeline.php(144): Illuminate/Foundation/Http/Kernel->Illuminate/Foundation/Http/{closure}(Object(Illuminate/Http/Request))
#54 C:/laragon/www/ecommerce-code/vendor/barryvdh/laravel-debugbar/src/Middleware/InjectDebugbar.php(59): Illuminate/Pipeline/Pipeline->Illuminate/Pipeline/{closure}(Object(Illuminate/Http/Request))
#55 C:/laragon/www/ecommerce-code/vendor/laravel/framework/src/Illuminate/Pipeline/Pipeline.php(183): Barryvdh/Debugbar/Middleware/InjectDebugbar->handle(Object(Illuminate/Http/Request), Object(Closure))
#56 C:/laragon/www/ecommerce-code/vendor/laravel/framework/src/Illuminate/View/Middleware/ShareErrorsFromSession.php(49): Illuminate/Pipeline/Pipeline->Illuminate/Pipeline/{closure}(Object(Illuminate/Http/Request))
#57 C:/laragon/www/ecommerce-code/vendor/laravel/framework/src/Illuminate/Pipeline/Pipeline.php(183): Illuminate/View/Middleware/ShareErrorsFromSession->handle(Object(Illuminate/Http/Request), Object(Closure))
#58 C:/laragon/www/ecommerce-code/vendor/laravel/framework/src/Illuminate/Session/Middleware/StartSession.php(121): Illuminate/Pipeline/Pipeline->Illuminate/Pipeline/{closure}(Object(Illuminate/Http/Request))
#59 C:/laragon/www/ecommerce-code/vendor/laravel/framework/src/Illuminate/Session/Middleware/StartSession.php(64): Illuminate/Session/Middleware/StartSession->handleStatefulRequest(Object(Illuminate/Http/Request), Object(Illuminate/Session/Store), Object(Closure))
#60 C:/laragon/www/ecommerce-code/vendor/laravel/framework/src/Illuminate/Pipeline/Pipeline.php(183): Illuminate/Session/Middleware/StartSession->handle(Object(Illuminate/Http/Request), Object(Closure))
#61 C:/laragon/www/ecommerce-code/vendor/laravel/framework/src/Illuminate/Http/Middleware/TrustProxies.php(39): Illuminate/Pipeline/Pipeline->Illuminate/Pipeline/{closure}(Object(Illuminate/Http/Request))
#62 C:/laragon/www/ecommerce-code/vendor/laravel/framework/src/Illuminate/Pipeline/Pipeline.php(183): Illuminate/Http/Middleware/TrustProxies->handle(Object(Illuminate/Http/Request), Object(Closure))
#63 C:/laragon/www/ecommerce-code/vendor/laravel/framework/src/Illuminate/Foundation/Http/Middleware/TransformsRequest.php(21): Illuminate/Pipeline/Pipeline->Illuminate/Pipeline/{closure}(Object(Illuminate/Http/Request))
#64 C:/laragon/www/ecommerce-code/vendor/laravel/framework/src/Illuminate/Foundation/Http/Middleware/ConvertEmptyStringsToNull.php(31): Illuminate/Foundation/Http/Middleware/TransformsRequest->handle(Object(Illuminate/Http/Request), Object(Closure))
#65 C:/laragon/www/ecommerce-code/vendor/laravel/framework/src/Illuminate/Pipeline/Pipeline.php(183): Illuminate/Foundation/Http/Middleware/ConvertEmptyStringsToNull->handle(Object(Illuminate/Http/Request), Object(Closure))
#66 C:/laragon/www/ecommerce-code/vendor/laravel/framework/src/Illuminate/Foundation/Http/Middleware/TransformsRequest.php(21): Illuminate/Pipeline/Pipeline->Illuminate/Pipeline/{closure}(Object(Illuminate/Http/Request))
#67 C:/laragon/www/ecommerce-code/vendor/laravel/framework/src/Illuminate/Foundation/Http/Middleware/TrimStrings.php(40): Illuminate/Foundation/Http/Middleware/TransformsRequest->handle(Object(Illuminate/Http/Request), Object(Closure))
#68 C:/laragon/www/ecommerce-code/vendor/laravel/framework/src/Illuminate/Pipeline/Pipeline.php(183): Illuminate/Foundation/Http/Middleware/TrimStrings->handle(Object(Illuminate/Http/Request), Object(Closure))
#69 C:/laragon/www/ecommerce-code/vendor/laravel/framework/src/Illuminate/Foundation/Http/Middleware/ValidatePostSize.php(27): Illuminate/Pipeline/Pipeline->Illuminate/Pipeline/{closure}(Object(Illuminate/Http/Request))
#70 C:/laragon/www/ecommerce-code/vendor/laravel/framework/src/Illuminate/Pipeline/Pipeline.php(183): Illuminate/Foundation/Http/Middleware/ValidatePostSize->handle(Object(Illuminate/Http/Request), Object(Closure))
#71 C:/laragon/www/ecommerce-code/vendor/laravel/framework/src/Illuminate/Pipeline/Pipeline.php(119): Illuminate/Pipeline/Pipeline->Illuminate/Pipeline/{closure}(Object(Illuminate/Http/Request))
#72 C:/laragon/www/ecommerce-code/vendor/laravel/framework/src/Illuminate/Foundation/Http/Kernel.php(175): Illuminate/Pipeline/Pipeline->then(Object(Closure))
#73 C:/laragon/www/ecommerce-code/vendor/laravel/framework/src/Illuminate/Foundation/Http/Kernel.php(144): Illuminate/Foundation/Http/Kernel->sendRequestThroughRouter(Object(Illuminate/Http/Request))
#74 C:/laragon/www/ecommerce-code/index.php(56): Illuminate/Foundation/Http/Kernel->handle(Object(Illuminate/Http/Request))
#75 {main}
"} 
[2026-01-09 14:21:18] local.ERROR: SQLSTATE[42S02]: Base table or view not found: 1146 Table 'db_ecommerce.translations' doesn't exist (Connection: mysql, SQL: select `lang_value`, `lang_key` from `translations` where `lang` = en) {"view":{"view":"C:\\laragon\\www\\ecommerce-code\\resources\\views\\errors\\404.blade.php","data":{"errors":"<pre class=sf-dump id=sf-dump-376219181 data-indent-pad=\"  \"><span class=sf-dump-note>Illuminate\\Support\\ViewErrorBag</span> {<a class=sf-dump-ref>#432</a><samp data-depth=1 class=sf-dump-expanded>
  #<span class=sf-dump-protected title=\"Protected property\">bags</span>: []
</samp>}
</pre><script>Sfdump(\"sf-dump-376219181\", {\"maxDepth\":3,\"maxStringLength\":160})</script>
","exception":"<pre class=sf-dump id=sf-dump-1957555282 data-indent-pad=\"  \"><span class=sf-dump-note>Symfony\\Component\\HttpKernel\\Exception\\NotFoundHttpException</span> {<a class=sf-dump-ref>#390</a><samp data-depth=1 class=sf-dump-expanded>
  #<span class=sf-dump-protected title=\"Protected property\">message</span>: \"<span class=sf-dump-str title=\"40 characters\">The route loader.gif could not be found.</span>\"
  #<span class=sf-dump-protected title=\"Protected property\">code</span>: <span class=sf-dump-num>0</span>
  #<span class=sf-dump-protected title=\"Protected property\">file</span>: \"<span class=\"sf-dump-str sf-dump-ellipsization\" title=\"C:\\laragon\\www\\ecommerce-code\\vendor\\laravel\\framework\\src\\Illuminate\\Routing\\AbstractRouteCollection.php
105 characters\"><span class=\"sf-dump-ellipsis sf-dump-ellipsis-path\">C:\\laragon\\www\\ecommerce-code\\vendor</span><span class=\"sf-dump-ellipsis sf-dump-ellipsis-path\">\\laravel\\framework\\</span><span class=\"sf-dump-ellipsis-tail\">src\\Illuminate\\Routing\\AbstractRouteCollection.php</span></span>\"
  #<span class=sf-dump-protected title=\"Protected property\">line</span>: <span class=sf-dump-num>44</span>
  -<span class=sf-dump-private title=\"Private property defined in class:&#10;`Symfony\\Component\\HttpKernel\\Exception\\HttpException`\">statusCode</span>: <span class=sf-dump-num>404</span>
  -<span class=sf-dump-private title=\"Private property defined in class:&#10;`Symfony\\Component\\HttpKernel\\Exception\\HttpException`\">headers</span>: []
  <span class=sf-dump-meta>trace</span>: {<samp data-depth=2 class=sf-dump-compact>
    <span class=\"sf-dump-meta sf-dump-ellipsization\" title=\"C:\\laragon\\www\\ecommerce-code\\vendor\\laravel\\framework\\src\\Illuminate\\Routing\\AbstractRouteCollection.php:44
Stack level 28.\"><span class=\"sf-dump-ellipsis sf-dump-ellipsis-path\">C:\\laragon\\www\\ecommerce-code\\vendor</span><span class=\"sf-dump-ellipsis sf-dump-ellipsis-path\">\\laravel\\framework\\</span><span class=\"sf-dump-ellipsis-tail\">src\\Illuminate\\Routing\\AbstractRouteCollection.php:44</span></span> {<samp data-depth=3 class=sf-dump-compact>
      <span class=\"sf-dump-note sf-dump-ellipsization\" title=\"Illuminate\\Routing\\AbstractRouteCollection-&gt;handleMatchedRoute(Request $request, $route)
\"><span class=\"sf-dump-ellipsis sf-dump-ellipsis-note\">Illuminate\\Routing</span><span class=\"sf-dump-ellipsis sf-dump-ellipsis-note\">\\</span><span class=\"sf-dump-ellipsis-tail\">AbstractRouteCollection-&gt;handleMatchedRoute(Request $request, $route)</span></span> &#8230;
      &#8250; 
      &#8250; <code class=\"php\"><span class=sf-dump-const title=\"in Illuminate\\Routing\\AbstractRouteCollection-&gt;handleMatchedRoute(Request $request, $route)\">throw new NotFoundHttpException(sprintf(</span></code>
      &#8250; <code class=\"php\"><span class=sf-dump-default>    &#039;The route %s could not be found.&#039;,</span></code>
    </samp>}
    <span class=\"sf-dump-meta sf-dump-ellipsization\" title=\"C:\\laragon\\www\\ecommerce-code\\vendor\\laravel\\framework\\src\\Illuminate\\Routing\\RouteCollection.php:162
Stack level 27.\"><span class=\"sf-dump-ellipsis sf-dump-ellipsis-path\">C:\\laragon\\www\\ecommerce-code\\vendor</span><span class=\"sf-dump-ellipsis sf-dump-ellipsis-path\">\\laravel\\framework\\</span><span class=\"sf-dump-ellipsis-tail\">src\\Illuminate\\Routing\\RouteCollection.php:162</span></span> {<samp data-depth=3 class=sf-dump-compact>
      <span class=\"sf-dump-note sf-dump-ellipsization\" title=\"Illuminate\\Routing\\RouteCollection-&gt;match(Request $request)
\"><span class=\"sf-dump-ellipsis sf-dump-ellipsis-note\">Illuminate\\Routing</span><span class=\"sf-dump-ellipsis sf-dump-ellipsis-note\">\\</span><span class=\"sf-dump-ellipsis-tail\">RouteCollection-&gt;match(Request $request)</span></span> &#8230;
      &#8250; 
      &#8250; <code class=\"php\"><span class=sf-dump-const title=\"in Illuminate\\Routing\\RouteCollection-&gt;match(Request $request)\">    return $this-&gt;handleMatchedRoute($request, $route);</span></code>
      &#8250; <code class=\"php\"><span class=sf-dump-default>}</span></code>
      <span class=sf-dump-meta>arguments</span>: { &#8230;2}
    </samp>}
    <span class=\"sf-dump-meta sf-dump-ellipsization\" title=\"C:\\laragon\\www\\ecommerce-code\\vendor\\laravel\\framework\\src\\Illuminate\\Routing\\Router.php:761
Stack level 26.\"><span class=\"sf-dump-ellipsis sf-dump-ellipsis-path\">C:\\laragon\\www\\ecommerce-code\\vendor</span><span class=\"sf-dump-ellipsis sf-dump-ellipsis-path\">\\laravel\\framework\\</span><span class=\"sf-dump-ellipsis-tail\">src\\Illuminate\\Routing\\Router.php:761</span></span> {<samp data-depth=3 class=sf-dump-compact>
      <span class=\"sf-dump-note sf-dump-ellipsization\" title=\"Illuminate\\Routing\\Router-&gt;findRoute($request)
\"><span class=\"sf-dump-ellipsis sf-dump-ellipsis-note\">Illuminate\\Routing</span><span class=\"sf-dump-ellipsis sf-dump-ellipsis-note\">\\</span><span class=\"sf-dump-ellipsis-tail\">Router-&gt;findRoute($request)</span></span> &#8230;
      &#8250; 
      &#8250; <code class=\"php\"><span class=sf-dump-const title=\"in Illuminate\\Routing\\Router-&gt;findRoute($request)\">$this-&gt;current = $route = $this-&gt;routes-&gt;match($request);</span></code>
      &#8250; 
      <span class=sf-dump-meta>arguments</span>: { &#8230;1}
    </samp>}
    <span class=\"sf-dump-meta sf-dump-ellipsization\" title=\"C:\\laragon\\www\\ecommerce-code\\vendor\\laravel\\framework\\src\\Illuminate\\Routing\\Router.php:748
Stack level 25.\"><span class=\"sf-dump-ellipsis sf-dump-ellipsis-path\">C:\\laragon\\www\\ecommerce-code\\vendor</span><span class=\"sf-dump-ellipsis sf-dump-ellipsis-path\">\\laravel\\framework\\</span><span class=\"sf-dump-ellipsis-tail\">src\\Illuminate\\Routing\\Router.php:748</span></span> {<samp data-depth=3 class=sf-dump-compact>
      <span class=\"sf-dump-note sf-dump-ellipsization\" title=\"Illuminate\\Routing\\Router-&gt;dispatchToRoute(Request $request)
\"><span class=\"sf-dump-ellipsis sf-dump-ellipsis-note\">Illuminate\\Routing</span><span class=\"sf-dump-ellipsis sf-dump-ellipsis-note\">\\</span><span class=\"sf-dump-ellipsis-tail\">Router-&gt;dispatchToRoute(Request $request)</span></span> &#8230;
      &#8250; <code class=\"php\"><span class=sf-dump-default>{</span></code>
      &#8250; <code class=\"php\"><span class=sf-dump-const title=\"in Illuminate\\Routing\\Router-&gt;dispatchToRoute(Request $request)\">    return $this-&gt;runRoute($request, $this-&gt;findRoute($request));</span></code>
      &#8250; <code class=\"php\"><span class=sf-dump-default>}</span></code>
      <span class=sf-dump-meta>arguments</span>: { &#8230;1}
    </samp>}
    <span class=\"sf-dump-meta sf-dump-ellipsization\" title=\"C:\\laragon\\www\\ecommerce-code\\vendor\\laravel\\framework\\src\\Illuminate\\Routing\\Router.php:737
Stack level 24.\"><span class=\"sf-dump-ellipsis sf-dump-ellipsis-path\">C:\\laragon\\www\\ecommerce-code\\vendor</span><span class=\"sf-dump-ellipsis sf-dump-ellipsis-path\">\\laravel\\framework\\</span><span class=\"sf-dump-ellipsis-tail\">src\\Illuminate\\Routing\\Router.php:737</span></span> {<samp data-depth=3 class=sf-dump-compact>
      <span class=\"sf-dump-note sf-dump-ellipsization\" title=\"Illuminate\\Routing\\Router-&gt;dispatch(Request $request)
\"><span class=\"sf-dump-ellipsis sf-dump-ellipsis-note\">Illuminate\\Routing</span><span class=\"sf-dump-ellipsis sf-dump-ellipsis-note\">\\</span><span class=\"sf-dump-ellipsis-tail\">Router-&gt;dispatch(Request $request)</span></span> &#8230;
      &#8250; 
      &#8250; <code class=\"php\"><span class=sf-dump-const title=\"in Illuminate\\Routing\\Router-&gt;dispatch(Request $request)\">    return $this-&gt;dispatchToRoute($request);</span></code>
      &#8250; <code class=\"php\"><span class=sf-dump-default>}</span></code>
      <span class=sf-dump-meta>arguments</span>: { &#8230;1}
    </samp>}
    <span class=\"sf-dump-meta sf-dump-ellipsization\" title=\"C:\\laragon\\www\\ecommerce-code\\vendor\\laravel\\framework\\src\\Illuminate\\Foundation\\Http\\Kernel.php:200
Stack level 23.\"><span class=\"sf-dump-ellipsis sf-dump-ellipsis-path\">C:\\laragon\\www\\ecommerce-code\\vendor</span><span class=\"sf-dump-ellipsis sf-dump-ellipsis-path\">\\laravel\\framework\\</span><span class=\"sf-dump-ellipsis-tail\">src\\Illuminate\\Foundation\\Http\\Kernel.php:200</span></span> {<samp data-depth=3 class=sf-dump-compact>
      <span class=\"sf-dump-note sf-dump-ellipsization\" title=\"Illuminate\\Foundation\\Http\\Kernel-&gt;Illuminate\\Foundation\\Http\\{closure}
\"><span class=\"sf-dump-ellipsis sf-dump-ellipsis-note\">Illuminate\\Foundation\\Http\\Kernel-&gt;Illuminate\\Foundation\\Http</span><span class=\"sf-dump-ellipsis sf-dump-ellipsis-note\">\\</span><span class=\"sf-dump-ellipsis-tail\">{closure}</span></span> &#8230;
      &#8250; 
      &#8250; <code class=\"php\"><span class=sf-dump-const title=\"in Illuminate\\Foundation\\Http\\Kernel-&gt;Illuminate\\Foundation\\Http\\{closure}\">    return $this-&gt;router-&gt;dispatch($request);</span></code>
      &#8250; <code class=\"php\"><span class=sf-dump-default>};</span></code>
      <span class=sf-dump-meta>arguments</span>: { &#8230;1}
    </samp>}
    <span class=\"sf-dump-meta sf-dump-ellipsization\" title=\"C:\\laragon\\www\\ecommerce-code\\vendor\\laravel\\framework\\src\\Illuminate\\Pipeline\\Pipeline.php:144
Stack level 22.\"><span class=\"sf-dump-ellipsis sf-dump-ellipsis-path\">C:\\laragon\\www\\ecommerce-code\\vendor</span><span class=\"sf-dump-ellipsis sf-dump-ellipsis-path\">\\laravel\\framework\\</span><span class=\"sf-dump-ellipsis-tail\">src\\Illuminate\\Pipeline\\Pipeline.php:144</span></span> {<samp data-depth=3 class=sf-dump-compact>
      <span class=\"sf-dump-note sf-dump-ellipsization\" title=\"Illuminate\\Pipeline\\Pipeline-&gt;Illuminate\\Pipeline\\{closure}
\"><span class=\"sf-dump-ellipsis sf-dump-ellipsis-note\">Illuminate\\Pipeline\\Pipeline-&gt;Illuminate\\Pipeline</span><span class=\"sf-dump-ellipsis sf-dump-ellipsis-note\">\\</span><span class=\"sf-dump-ellipsis-tail\">{closure}</span></span> &#8230;
      &#8250; <code class=\"php\"><span class=sf-dump-default>try {</span></code>
      &#8250; <code class=\"php\"><span class=sf-dump-const title=\"in Illuminate\\Pipeline\\Pipeline-&gt;Illuminate\\Pipeline\\{closure}\">    return $destination($passable);</span></code>
      &#8250; <code class=\"php\"><span class=sf-dump-default>} catch (Throwable $e) {</span></code>
      <span class=sf-dump-meta>arguments</span>: { &#8230;1}
    </samp>}
    <span class=\"sf-dump-meta sf-dump-ellipsization\" title=\"C:\\laragon\\www\\ecommerce-code\\vendor\\barryvdh\\laravel-debugbar\\src\\Middleware\\InjectDebugbar.php:59
Stack level 21.\"><span class=\"sf-dump-ellipsis sf-dump-ellipsis-path\">C:\\laragon\\www\\ecommerce-code\\vendor</span><span class=\"sf-dump-ellipsis sf-dump-ellipsis-path\">\\barryvdh\\laravel-debugbar\\</span><span class=\"sf-dump-ellipsis-tail\">src\\Middleware\\InjectDebugbar.php:59</span></span> {<samp data-depth=3 class=sf-dump-compact>
      <span class=\"sf-dump-note sf-dump-ellipsization\" title=\"Barryvdh\\Debugbar\\Middleware\\InjectDebugbar-&gt;handle($request, Closure $next)
\"><span class=\"sf-dump-ellipsis sf-dump-ellipsis-note\">Barryvdh\\Debugbar\\Middleware</span><span class=\"sf-dump-ellipsis sf-dump-ellipsis-note\">\\</span><span class=\"sf-dump-ellipsis-tail\">InjectDebugbar-&gt;handle($request, Closure $next)</span></span> &#8230;
      &#8250; <code class=\"php\"><span class=sf-dump-default>if (!$this-&gt;debugbar-&gt;isEnabled() || $this-&gt;inExceptArray($request)) {</span></code>
      &#8250; <code class=\"php\"><span class=sf-dump-const title=\"in Barryvdh\\Debugbar\\Middleware\\InjectDebugbar-&gt;handle($request, Closure $next)\">    return $next($request);</span></code>
      &#8250; <code class=\"php\"><span class=sf-dump-default>}</span></code>
      <span class=sf-dump-meta>arguments</span>: { &#8230;1}
    </samp>}
    <span class=\"sf-dump-meta sf-dump-ellipsization\" title=\"C:\\laragon\\www\\ecommerce-code\\vendor\\laravel\\framework\\src\\Illuminate\\Pipeline\\Pipeline.php:183
Stack level 20.\"><span class=\"sf-dump-ellipsis sf-dump-ellipsis-path\">C:\\laragon\\www\\ecommerce-code\\vendor</span><span class=\"sf-dump-ellipsis sf-dump-ellipsis-path\">\\laravel\\framework\\</span><span class=\"sf-dump-ellipsis-tail\">src\\Illuminate\\Pipeline\\Pipeline.php:183</span></span> {<samp data-depth=3 class=sf-dump-compact>
      <span class=\"sf-dump-note sf-dump-ellipsization\" title=\"Illuminate\\Pipeline\\Pipeline-&gt;Illuminate\\Pipeline\\{closure}
\"><span class=\"sf-dump-ellipsis sf-dump-ellipsis-note\">Illuminate\\Pipeline\\Pipeline-&gt;Illuminate\\Pipeline</span><span class=\"sf-dump-ellipsis sf-dump-ellipsis-note\">\\</span><span class=\"sf-dump-ellipsis-tail\">{closure}</span></span> &#8230;
      &#8250; <code class=\"php\"><span class=sf-dump-default>$carry = method_exists($pipe, $this-&gt;method)</span></code>
      &#8250; <code class=\"php\"><span class=sf-dump-const title=\"in Illuminate\\Pipeline\\Pipeline-&gt;Illuminate\\Pipeline\\{closure}\">                ? $pipe-&gt;{$this-&gt;method}(...$parameters)</span></code>
      &#8250; <code class=\"php\"><span class=sf-dump-default>                : $pipe(...$parameters);</span></code>
      <span class=sf-dump-meta>arguments</span>: { &#8230;2}
    </samp>}
    <span class=\"sf-dump-meta sf-dump-ellipsization\" title=\"C:\\laragon\\www\\ecommerce-code\\vendor\\laravel\\framework\\src\\Illuminate\\View\\Middleware\\ShareErrorsFromSession.php:49
Stack level 19.\"><span class=\"sf-dump-ellipsis sf-dump-ellipsis-path\">C:\\laragon\\www\\ecommerce-code\\vendor</span><span class=\"sf-dump-ellipsis sf-dump-ellipsis-path\">\\laravel\\framework\\</span><span class=\"sf-dump-ellipsis-tail\">src\\Illuminate\\View\\Middleware\\ShareErrorsFromSession.php:49</span></span> {<samp data-depth=3 class=sf-dump-compact>
      <span class=\"sf-dump-note sf-dump-ellipsization\" title=\"Illuminate\\View\\Middleware\\ShareErrorsFromSession-&gt;handle($request, Closure $next)
\"><span class=\"sf-dump-ellipsis sf-dump-ellipsis-note\">Illuminate\\View\\Middleware</span><span class=\"sf-dump-ellipsis sf-dump-ellipsis-note\">\\</span><span class=\"sf-dump-ellipsis-tail\">ShareErrorsFromSession-&gt;handle($request, Closure $next)</span></span> &#8230;
      &#8250; 
      &#8250; <code class=\"php\"><span class=sf-dump-const title=\"in Illuminate\\View\\Middleware\\ShareErrorsFromSession-&gt;handle($request, Closure $next)\">    return $next($request);</span></code>
      &#8250; <code class=\"php\"><span class=sf-dump-default>}</span></code>
      <span class=sf-dump-meta>arguments</span>: { &#8230;1}
    </samp>}
    <span class=\"sf-dump-meta sf-dump-ellipsization\" title=\"C:\\laragon\\www\\ecommerce-code\\vendor\\laravel\\framework\\src\\Illuminate\\Pipeline\\Pipeline.php:183
Stack level 18.\"><span class=\"sf-dump-ellipsis sf-dump-ellipsis-path\">C:\\laragon\\www\\ecommerce-code\\vendor</span><span class=\"sf-dump-ellipsis sf-dump-ellipsis-path\">\\laravel\\framework\\</span><span class=\"sf-dump-ellipsis-tail\">src\\Illuminate\\Pipeline\\Pipeline.php:183</span></span> {<samp data-depth=3 class=sf-dump-compact>
      <span class=\"sf-dump-note sf-dump-ellipsization\" title=\"Illuminate\\Pipeline\\Pipeline-&gt;Illuminate\\Pipeline\\{closure}
\"><span class=\"sf-dump-ellipsis sf-dump-ellipsis-note\">Illuminate\\Pipeline\\Pipeline-&gt;Illuminate\\Pipeline</span><span class=\"sf-dump-ellipsis sf-dump-ellipsis-note\">\\</span><span class=\"sf-dump-ellipsis-tail\">{closure}</span></span> &#8230;
      &#8250; <code class=\"php\"><span class=sf-dump-default>$carry = method_exists($pipe, $this-&gt;method)</span></code>
      &#8250; <code class=\"php\"><span class=sf-dump-const title=\"in Illuminate\\Pipeline\\Pipeline-&gt;Illuminate\\Pipeline\\{closure}\">                ? $pipe-&gt;{$this-&gt;method}(...$parameters)</span></code>
      &#8250; <code class=\"php\"><span class=sf-dump-default>                : $pipe(...$parameters);</span></code>
      <span class=sf-dump-meta>arguments</span>: { &#8230;2}
    </samp>}
    <span class=\"sf-dump-meta sf-dump-ellipsization\" title=\"C:\\laragon\\www\\ecommerce-code\\vendor\\laravel\\framework\\src\\Illuminate\\Session\\Middleware\\StartSession.php:121
Stack level 17.\"><span class=\"sf-dump-ellipsis sf-dump-ellipsis-path\">C:\\laragon\\www\\ecommerce-code\\vendor</span><span class=\"sf-dump-ellipsis sf-dump-ellipsis-path\">\\laravel\\framework\\</span><span class=\"sf-dump-ellipsis-tail\">src\\Illuminate\\Session\\Middleware\\StartSession.php:121</span></span> {<samp data-depth=3 class=sf-dump-compact>
      <span class=\"sf-dump-note sf-dump-ellipsization\" title=\"Illuminate\\Session\\Middleware\\StartSession-&gt;handleStatefulRequest(Request $request, $session, Closure $next)
\"><span class=\"sf-dump-ellipsis sf-dump-ellipsis-note\">Illuminate\\Session\\Middleware</span><span class=\"sf-dump-ellipsis sf-dump-ellipsis-note\">\\</span><span class=\"sf-dump-ellipsis-tail\">StartSession-&gt;handleStatefulRequest(Request $request, $session, Closure $next)</span></span> &#8230;
      &#8250; 
      &#8250; <code class=\"php\"><span class=sf-dump-const title=\"in Illuminate\\Session\\Middleware\\StartSession-&gt;handleStatefulRequest(Request $request, $session, Closure $next)\">$response = $next($request);</span></code>
      &#8250; 
      <span class=sf-dump-meta>arguments</span>: { &#8230;1}
    </samp>}
    <span class=\"sf-dump-meta sf-dump-ellipsization\" title=\"C:\\laragon\\www\\ecommerce-code\\vendor\\laravel\\framework\\src\\Illuminate\\Session\\Middleware\\StartSession.php:64
Stack level 16.\"><span class=\"sf-dump-ellipsis sf-dump-ellipsis-path\">C:\\laragon\\www\\ecommerce-code\\vendor</span><span class=\"sf-dump-ellipsis sf-dump-ellipsis-path\">\\laravel\\framework\\</span><span class=\"sf-dump-ellipsis-tail\">src\\Illuminate\\Session\\Middleware\\StartSession.php:64</span></span> {<samp data-depth=3 class=sf-dump-compact>
      <span class=\"sf-dump-note sf-dump-ellipsization\" title=\"Illuminate\\Session\\Middleware\\StartSession-&gt;handle($request, Closure $next)
\"><span class=\"sf-dump-ellipsis sf-dump-ellipsis-note\">Illuminate\\Session\\Middleware</span><span class=\"sf-dump-ellipsis sf-dump-ellipsis-note\">\\</span><span class=\"sf-dump-ellipsis-tail\">StartSession-&gt;handle($request, Closure $next)</span></span> &#8230;
      &#8250; 
      &#8250; <code class=\"php\"><span class=sf-dump-const title=\"in Illuminate\\Session\\Middleware\\StartSession-&gt;handle($request, Closure $next)\">    return $this-&gt;handleStatefulRequest($request, $session, $next);</span></code>
      &#8250; <code class=\"php\"><span class=sf-dump-default>}</span></code>
      <span class=sf-dump-meta>arguments</span>: { &#8230;3}
    </samp>}
    <span class=\"sf-dump-meta sf-dump-ellipsization\" title=\"C:\\laragon\\www\\ecommerce-code\\vendor\\laravel\\framework\\src\\Illuminate\\Pipeline\\Pipeline.php:183
Stack level 15.\"><span class=\"sf-dump-ellipsis sf-dump-ellipsis-path\">C:\\laragon\\www\\ecommerce-code\\vendor</span><span class=\"sf-dump-ellipsis sf-dump-ellipsis-path\">\\laravel\\framework\\</span><span class=\"sf-dump-ellipsis-tail\">src\\Illuminate\\Pipeline\\Pipeline.php:183</span></span> {<samp data-depth=3 class=sf-dump-compact>
      <span class=\"sf-dump-note sf-dump-ellipsization\" title=\"Illuminate\\Pipeline\\Pipeline-&gt;Illuminate\\Pipeline\\{closure}
\"><span class=\"sf-dump-ellipsis sf-dump-ellipsis-note\">Illuminate\\Pipeline\\Pipeline-&gt;Illuminate\\Pipeline</span><span class=\"sf-dump-ellipsis sf-dump-ellipsis-note\">\\</span><span class=\"sf-dump-ellipsis-tail\">{closure}</span></span> &#8230;
      &#8250; <code class=\"php\"><span class=sf-dump-default>$carry = method_exists($pipe, $this-&gt;method)</span></code>
      &#8250; <code class=\"php\"><span class=sf-dump-const title=\"in Illuminate\\Pipeline\\Pipeline-&gt;Illuminate\\Pipeline\\{closure}\">                ? $pipe-&gt;{$this-&gt;method}(...$parameters)</span></code>
      &#8250; <code class=\"php\"><span class=sf-dump-default>                : $pipe(...$parameters);</span></code>
      <span class=sf-dump-meta>arguments</span>: { &#8230;2}
    </samp>}
    <span class=\"sf-dump-meta sf-dump-ellipsization\" title=\"C:\\laragon\\www\\ecommerce-code\\vendor\\laravel\\framework\\src\\Illuminate\\Http\\Middleware\\TrustProxies.php:39
Stack level 14.\"><span class=\"sf-dump-ellipsis sf-dump-ellipsis-path\">C:\\laragon\\www\\ecommerce-code\\vendor</span><span class=\"sf-dump-ellipsis sf-dump-ellipsis-path\">\\laravel\\framework\\</span><span class=\"sf-dump-ellipsis-tail\">src\\Illuminate\\Http\\Middleware\\TrustProxies.php:39</span></span> {<samp data-depth=3 class=sf-dump-compact>
      <span class=\"sf-dump-note sf-dump-ellipsization\" title=\"Illuminate\\Http\\Middleware\\TrustProxies-&gt;handle(Request $request, Closure $next)
\"><span class=\"sf-dump-ellipsis sf-dump-ellipsis-note\">Illuminate\\Http\\Middleware</span><span class=\"sf-dump-ellipsis sf-dump-ellipsis-note\">\\</span><span class=\"sf-dump-ellipsis-tail\">TrustProxies-&gt;handle(Request $request, Closure $next)</span></span> &#8230;
      &#8250; 
      &#8250; <code class=\"php\"><span class=sf-dump-const title=\"in Illuminate\\Http\\Middleware\\TrustProxies-&gt;handle(Request $request, Closure $next)\">    return $next($request);</span></code>
      &#8250; <code class=\"php\"><span class=sf-dump-default>}</span></code>
      <span class=sf-dump-meta>arguments</span>: { &#8230;1}
    </samp>}
    <span class=\"sf-dump-meta sf-dump-ellipsization\" title=\"C:\\laragon\\www\\ecommerce-code\\vendor\\laravel\\framework\\src\\Illuminate\\Pipeline\\Pipeline.php:183
Stack level 13.\"><span class=\"sf-dump-ellipsis sf-dump-ellipsis-path\">C:\\laragon\\www\\ecommerce-code\\vendor</span><span class=\"sf-dump-ellipsis sf-dump-ellipsis-path\">\\laravel\\framework\\</span><span class=\"sf-dump-ellipsis-tail\">src\\Illuminate\\Pipeline\\Pipeline.php:183</span></span> {<samp data-depth=3 class=sf-dump-compact>
      <span class=\"sf-dump-note sf-dump-ellipsization\" title=\"Illuminate\\Pipeline\\Pipeline-&gt;Illuminate\\Pipeline\\{closure}
\"><span class=\"sf-dump-ellipsis sf-dump-ellipsis-note\">Illuminate\\Pipeline\\Pipeline-&gt;Illuminate\\Pipeline</span><span class=\"sf-dump-ellipsis sf-dump-ellipsis-note\">\\</span><span class=\"sf-dump-ellipsis-tail\">{closure}</span></span> &#8230;
      &#8250; <code class=\"php\"><span class=sf-dump-default>$carry = method_exists($pipe, $this-&gt;method)</span></code>
      &#8250; <code class=\"php\"><span class=sf-dump-const title=\"in Illuminate\\Pipeline\\Pipeline-&gt;Illuminate\\Pipeline\\{closure}\">                ? $pipe-&gt;{$this-&gt;method}(...$parameters)</span></code>
      &#8250; <code class=\"php\"><span class=sf-dump-default>                : $pipe(...$parameters);</span></code>
      <span class=sf-dump-meta>arguments</span>: { &#8230;2}
    </samp>}
    <span class=\"sf-dump-meta sf-dump-ellipsization\" title=\"C:\\laragon\\www\\ecommerce-code\\vendor\\laravel\\framework\\src\\Illuminate\\Foundation\\Http\\Middleware\\TransformsRequest.php:21
Stack level 12.\"><span class=\"sf-dump-ellipsis sf-dump-ellipsis-path\">C:\\laragon\\www\\ecommerce-code\\vendor</span><span class=\"sf-dump-ellipsis sf-dump-ellipsis-path\">\\laravel\\framework\\</span><span class=\"sf-dump-ellipsis-tail\">src\\Illuminate\\Foundation\\Http\\Middleware\\TransformsRequest.php:21</span></span> {<samp data-depth=3 class=sf-dump-compact>
      <span class=\"sf-dump-note sf-dump-ellipsization\" title=\"Illuminate\\Foundation\\Http\\Middleware\\TransformsRequest-&gt;handle($request, Closure $next)
\"><span class=\"sf-dump-ellipsis sf-dump-ellipsis-note\">Illuminate\\Foundation\\Http\\Middleware</span><span class=\"sf-dump-ellipsis sf-dump-ellipsis-note\">\\</span><span class=\"sf-dump-ellipsis-tail\">TransformsRequest-&gt;handle($request, Closure $next)</span></span> &#8230;
      &#8250; 
      &#8250; <code class=\"php\"><span class=sf-dump-const title=\"in Illuminate\\Foundation\\Http\\Middleware\\TransformsRequest-&gt;handle($request, Closure $next)\">    return $next($request);</span></code>
      &#8250; <code class=\"php\"><span class=sf-dump-default>}</span></code>
      <span class=sf-dump-meta>arguments</span>: { &#8230;1}
    </samp>}
    <span class=\"sf-dump-meta sf-dump-ellipsization\" title=\"C:\\laragon\\www\\ecommerce-code\\vendor\\laravel\\framework\\src\\Illuminate\\Foundation\\Http\\Middleware\\ConvertEmptyStringsToNull.php:31
Stack level 11.\"><span class=\"sf-dump-ellipsis sf-dump-ellipsis-path\">C:\\laragon\\www\\ecommerce-code\\vendor</span><span class=\"sf-dump-ellipsis sf-dump-ellipsis-path\">\\laravel\\framework\\</span><span class=\"sf-dump-ellipsis-tail\">src\\Illuminate\\Foundation\\Http\\Middleware\\ConvertEmptyStringsToNull.php:31</span></span> {<samp data-depth=3 class=sf-dump-compact>
      <span class=\"sf-dump-note sf-dump-ellipsization\" title=\"Illuminate\\Foundation\\Http\\Middleware\\ConvertEmptyStringsToNull-&gt;handle($request, Closure $next)
\"><span class=\"sf-dump-ellipsis sf-dump-ellipsis-note\">Illuminate\\Foundation\\Http\\Middleware</span><span class=\"sf-dump-ellipsis sf-dump-ellipsis-note\">\\</span><span class=\"sf-dump-ellipsis-tail\">ConvertEmptyStringsToNull-&gt;handle($request, Closure $next)</span></span> &#8230;
      &#8250; 
      &#8250; <code class=\"php\"><span class=sf-dump-const title=\"in Illuminate\\Foundation\\Http\\Middleware\\ConvertEmptyStringsToNull-&gt;handle($request, Closure $next)\">    return parent::handle($request, $next);</span></code>
      &#8250; <code class=\"php\"><span class=sf-dump-default>}</span></code>
      <span class=sf-dump-meta>arguments</span>: { &#8230;2}
    </samp>}
    <span class=\"sf-dump-meta sf-dump-ellipsization\" title=\"C:\\laragon\\www\\ecommerce-code\\vendor\\laravel\\framework\\src\\Illuminate\\Pipeline\\Pipeline.php:183
Stack level 10.\"><span class=\"sf-dump-ellipsis sf-dump-ellipsis-path\">C:\\laragon\\www\\ecommerce-code\\vendor</span><span class=\"sf-dump-ellipsis sf-dump-ellipsis-path\">\\laravel\\framework\\</span><span class=\"sf-dump-ellipsis-tail\">src\\Illuminate\\Pipeline\\Pipeline.php:183</span></span> {<samp data-depth=3 class=sf-dump-compact>
      <span class=\"sf-dump-note sf-dump-ellipsization\" title=\"Illuminate\\Pipeline\\Pipeline-&gt;Illuminate\\Pipeline\\{closure}
\"><span class=\"sf-dump-ellipsis sf-dump-ellipsis-note\">Illuminate\\Pipeline\\Pipeline-&gt;Illuminate\\Pipeline</span><span class=\"sf-dump-ellipsis sf-dump-ellipsis-note\">\\</span><span class=\"sf-dump-ellipsis-tail\">{closure}</span></span> &#8230;
      &#8250; <code class=\"php\"><span class=sf-dump-default>$carry = method_exists($pipe, $this-&gt;method)</span></code>
      &#8250; <code class=\"php\"><span class=sf-dump-const title=\"in Illuminate\\Pipeline\\Pipeline-&gt;Illuminate\\Pipeline\\{closure}\">                ? $pipe-&gt;{$this-&gt;method}(...$parameters)</span></code>
      &#8250; <code class=\"php\"><span class=sf-dump-default>                : $pipe(...$parameters);</span></code>
      <span class=sf-dump-meta>arguments</span>: { &#8230;2}
    </samp>}
    <span class=\"sf-dump-meta sf-dump-ellipsization\" title=\"C:\\laragon\\www\\ecommerce-code\\vendor\\laravel\\framework\\src\\Illuminate\\Foundation\\Http\\Middleware\\TransformsRequest.php:21
Stack level 9.\"><span class=\"sf-dump-ellipsis sf-dump-ellipsis-path\">C:\\laragon\\www\\ecommerce-code\\vendor</span><span class=\"sf-dump-ellipsis sf-dump-ellipsis-path\">\\laravel\\framework\\</span><span class=\"sf-dump-ellipsis-tail\">src\\Illuminate\\Foundation\\Http\\Middleware\\TransformsRequest.php:21</span></span> {<samp data-depth=3 class=sf-dump-compact>
      <span class=\"sf-dump-note sf-dump-ellipsization\" title=\"Illuminate\\Foundation\\Http\\Middleware\\TransformsRequest-&gt;handle($request, Closure $next)
\"><span class=\"sf-dump-ellipsis sf-dump-ellipsis-note\">Illuminate\\Foundation\\Http\\Middleware</span><span class=\"sf-dump-ellipsis sf-dump-ellipsis-note\">\\</span><span class=\"sf-dump-ellipsis-tail\">TransformsRequest-&gt;handle($request, Closure $next)</span></span> &#8230;
      &#8250; 
      &#8250; <code class=\"php\"><span class=sf-dump-const title=\"in Illuminate\\Foundation\\Http\\Middleware\\TransformsRequest-&gt;handle($request, Closure $next)\">    return $next($request);</span></code>
      &#8250; <code class=\"php\"><span class=sf-dump-default>}</span></code>
      <span class=sf-dump-meta>arguments</span>: { &#8230;1}
    </samp>}
    <span class=\"sf-dump-meta sf-dump-ellipsization\" title=\"C:\\laragon\\www\\ecommerce-code\\vendor\\laravel\\framework\\src\\Illuminate\\Foundation\\Http\\Middleware\\TrimStrings.php:40
Stack level 8.\"><span class=\"sf-dump-ellipsis sf-dump-ellipsis-path\">C:\\laragon\\www\\ecommerce-code\\vendor</span><span class=\"sf-dump-ellipsis sf-dump-ellipsis-path\">\\laravel\\framework\\</span><span class=\"sf-dump-ellipsis-tail\">src\\Illuminate\\Foundation\\Http\\Middleware\\TrimStrings.php:40</span></span> {<samp data-depth=3 class=sf-dump-compact>
      <span class=\"sf-dump-note sf-dump-ellipsization\" title=\"Illuminate\\Foundation\\Http\\Middleware\\TrimStrings-&gt;handle($request, Closure $next)
\"><span class=\"sf-dump-ellipsis sf-dump-ellipsis-note\">Illuminate\\Foundation\\Http\\Middleware</span><span class=\"sf-dump-ellipsis sf-dump-ellipsis-note\">\\</span><span class=\"sf-dump-ellipsis-tail\">TrimStrings-&gt;handle($request, Closure $next)</span></span> &#8230;
      &#8250; 
      &#8250; <code class=\"php\"><span class=sf-dump-const title=\"in Illuminate\\Foundation\\Http\\Middleware\\TrimStrings-&gt;handle($request, Closure $next)\">    return parent::handle($request, $next);</span></code>
      &#8250; <code class=\"php\"><span class=sf-dump-default>}</span></code>
      <span class=sf-dump-meta>arguments</span>: { &#8230;2}
    </samp>}
    <span class=\"sf-dump-meta sf-dump-ellipsization\" title=\"C:\\laragon\\www\\ecommerce-code\\vendor\\laravel\\framework\\src\\Illuminate\\Pipeline\\Pipeline.php:183
Stack level 7.\"><span class=\"sf-dump-ellipsis sf-dump-ellipsis-path\">C:\\laragon\\www\\ecommerce-code\\vendor</span><span class=\"sf-dump-ellipsis sf-dump-ellipsis-path\">\\laravel\\framework\\</span><span class=\"sf-dump-ellipsis-tail\">src\\Illuminate\\Pipeline\\Pipeline.php:183</span></span> {<samp data-depth=3 class=sf-dump-compact>
      <span class=\"sf-dump-note sf-dump-ellipsization\" title=\"Illuminate\\Pipeline\\Pipeline-&gt;Illuminate\\Pipeline\\{closure}
\"><span class=\"sf-dump-ellipsis sf-dump-ellipsis-note\">Illuminate\\Pipeline\\Pipeline-&gt;Illuminate\\Pipeline</span><span class=\"sf-dump-ellipsis sf-dump-ellipsis-note\">\\</span><span class=\"sf-dump-ellipsis-tail\">{closure}</span></span> &#8230;
      &#8250; <code class=\"php\"><span class=sf-dump-default>$carry = method_exists($pipe, $this-&gt;method)</span></code>
      &#8250; <code class=\"php\"><span class=sf-dump-const title=\"in Illuminate\\Pipeline\\Pipeline-&gt;Illuminate\\Pipeline\\{closure}\">                ? $pipe-&gt;{$this-&gt;method}(...$parameters)</span></code>
      &#8250; <code class=\"php\"><span class=sf-dump-default>                : $pipe(...$parameters);</span></code>
      <span class=sf-dump-meta>arguments</span>: { &#8230;2}
    </samp>}
    <span class=\"sf-dump-meta sf-dump-ellipsization\" title=\"C:\\laragon\\www\\ecommerce-code\\vendor\\laravel\\framework\\src\\Illuminate\\Foundation\\Http\\Middleware\\ValidatePostSize.php:27
Stack level 6.\"><span class=\"sf-dump-ellipsis sf-dump-ellipsis-path\">C:\\laragon\\www\\ecommerce-code\\vendor</span><span class=\"sf-dump-ellipsis sf-dump-ellipsis-path\">\\laravel\\framework\\</span><span class=\"sf-dump-ellipsis-tail\">src\\Illuminate\\Foundation\\Http\\Middleware\\ValidatePostSize.php:27</span></span> {<samp data-depth=3 class=sf-dump-compact>
      <span class=\"sf-dump-note sf-dump-ellipsization\" title=\"Illuminate\\Foundation\\Http\\Middleware\\ValidatePostSize-&gt;handle($request, Closure $next)
\"><span class=\"sf-dump-ellipsis sf-dump-ellipsis-note\">Illuminate\\Foundation\\Http\\Middleware</span><span class=\"sf-dump-ellipsis sf-dump-ellipsis-note\">\\</span><span class=\"sf-dump-ellipsis-tail\">ValidatePostSize-&gt;handle($request, Closure $next)</span></span> &#8230;
      &#8250; 
      &#8250; <code class=\"php\"><span class=sf-dump-const title=\"in Illuminate\\Foundation\\Http\\Middleware\\ValidatePostSize-&gt;handle($request, Closure $next)\">    return $next($request);</span></code>
      &#8250; <code class=\"php\"><span class=sf-dump-default>}</span></code>
      <span class=sf-dump-meta>arguments</span>: { &#8230;1}
    </samp>}
    <span class=\"sf-dump-meta sf-dump-ellipsization\" title=\"C:\\laragon\\www\\ecommerce-code\\vendor\\laravel\\framework\\src\\Illuminate\\Pipeline\\Pipeline.php:183
Stack level 5.\"><span class=\"sf-dump-ellipsis sf-dump-ellipsis-path\">C:\\laragon\\www\\ecommerce-code\\vendor</span><span class=\"sf-dump-ellipsis sf-dump-ellipsis-path\">\\laravel\\framework\\</span><span class=\"sf-dump-ellipsis-tail\">src\\Illuminate\\Pipeline\\Pipeline.php:183</span></span> {<samp data-depth=3 class=sf-dump-compact>
      <span class=\"sf-dump-note sf-dump-ellipsization\" title=\"Illuminate\\Pipeline\\Pipeline-&gt;Illuminate\\Pipeline\\{closure}
\"><span class=\"sf-dump-ellipsis sf-dump-ellipsis-note\">Illuminate\\Pipeline\\Pipeline-&gt;Illuminate\\Pipeline</span><span class=\"sf-dump-ellipsis sf-dump-ellipsis-note\">\\</span><span class=\"sf-dump-ellipsis-tail\">{closure}</span></span> &#8230;
      &#8250; <code class=\"php\"><span class=sf-dump-default>$carry = method_exists($pipe, $this-&gt;method)</span></code>
      &#8250; <code class=\"php\"><span class=sf-dump-const title=\"in Illuminate\\Pipeline\\Pipeline-&gt;Illuminate\\Pipeline\\{closure}\">                ? $pipe-&gt;{$this-&gt;method}(...$parameters)</span></code>
      &#8250; <code class=\"php\"><span class=sf-dump-default>                : $pipe(...$parameters);</span></code>
      <span class=sf-dump-meta>arguments</span>: { &#8230;2}
    </samp>}
    <span class=\"sf-dump-meta sf-dump-ellipsization\" title=\"C:\\laragon\\www\\ecommerce-code\\vendor\\laravel\\framework\\src\\Illuminate\\Pipeline\\Pipeline.php:119
Stack level 4.\"><span class=\"sf-dump-ellipsis sf-dump-ellipsis-path\">C:\\laragon\\www\\ecommerce-code\\vendor</span><span class=\"sf-dump-ellipsis sf-dump-ellipsis-path\">\\laravel\\framework\\</span><span class=\"sf-dump-ellipsis-tail\">src\\Illuminate\\Pipeline\\Pipeline.php:119</span></span> {<samp data-depth=3 class=sf-dump-compact>
      <span class=\"sf-dump-note sf-dump-ellipsization\" title=\"Illuminate\\Pipeline\\Pipeline-&gt;then(Closure $destination)
\"><span class=\"sf-dump-ellipsis sf-dump-ellipsis-note\">Illuminate\\Pipeline</span><span class=\"sf-dump-ellipsis sf-dump-ellipsis-note\">\\</span><span class=\"sf-dump-ellipsis-tail\">Pipeline-&gt;then(Closure $destination)</span></span> &#8230;
      &#8250; 
      &#8250; <code class=\"php\"><span class=sf-dump-const title=\"in Illuminate\\Pipeline\\Pipeline-&gt;then(Closure $destination)\">    return $pipeline($this-&gt;passable);</span></code>
      &#8250; <code class=\"php\"><span class=sf-dump-default>}</span></code>
      <span class=sf-dump-meta>arguments</span>: { &#8230;1}
    </samp>}
    <span class=\"sf-dump-meta sf-dump-ellipsization\" title=\"C:\\laragon\\www\\ecommerce-code\\vendor\\laravel\\framework\\src\\Illuminate\\Foundation\\Http\\Kernel.php:175
Stack level 3.\"><span class=\"sf-dump-ellipsis sf-dump-ellipsis-path\">C:\\laragon\\www\\ecommerce-code\\vendor</span><span class=\"sf-dump-ellipsis sf-dump-ellipsis-path\">\\laravel\\framework\\</span><span class=\"sf-dump-ellipsis-tail\">src\\Illuminate\\Foundation\\Http\\Kernel.php:175</span></span> {<samp data-depth=3 class=sf-dump-compact>
      <span class=\"sf-dump-note sf-dump-ellipsization\" title=\"Illuminate\\Foundation\\Http\\Kernel-&gt;sendRequestThroughRouter($request)
\"><span class=\"sf-dump-ellipsis sf-dump-ellipsis-note\">Illuminate\\Foundation\\Http</span><span class=\"sf-dump-ellipsis sf-dump-ellipsis-note\">\\</span><span class=\"sf-dump-ellipsis-tail\">Kernel-&gt;sendRequestThroughRouter($request)</span></span> &#8230;
      &#8250; <code class=\"php\"><span class=sf-dump-default>                -&gt;through($this-&gt;app-&gt;shouldSkipMiddleware() ? [] : $this-&gt;middleware)</span></code>
      &#8250; <code class=\"php\"><span class=sf-dump-const title=\"in Illuminate\\Foundation\\Http\\Kernel-&gt;sendRequestThroughRouter($request)\">                -&gt;then($this-&gt;dispatchToRouter());</span></code>
      &#8250; <code class=\"php\"><span class=sf-dump-default>}</span></code>
      <span class=sf-dump-meta>arguments</span>: { &#8230;1}
    </samp>}
    <span class=\"sf-dump-meta sf-dump-ellipsization\" title=\"C:\\laragon\\www\\ecommerce-code\\vendor\\laravel\\framework\\src\\Illuminate\\Foundation\\Http\\Kernel.php:144
Stack level 2.\"><span class=\"sf-dump-ellipsis sf-dump-ellipsis-path\">C:\\laragon\\www\\ecommerce-code\\vendor</span><span class=\"sf-dump-ellipsis sf-dump-ellipsis-path\">\\laravel\\framework\\</span><span class=\"sf-dump-ellipsis-tail\">src\\Illuminate\\Foundation\\Http\\Kernel.php:144</span></span> {<samp data-depth=3 class=sf-dump-compact>
      <span class=\"sf-dump-note sf-dump-ellipsization\" title=\"Illuminate\\Foundation\\Http\\Kernel-&gt;handle($request)
\"><span class=\"sf-dump-ellipsis sf-dump-ellipsis-note\">Illuminate\\Foundation\\Http</span><span class=\"sf-dump-ellipsis sf-dump-ellipsis-note\">\\</span><span class=\"sf-dump-ellipsis-tail\">Kernel-&gt;handle($request)</span></span> &#8230;
      &#8250; 
      &#8250; <code class=\"php\"><span class=sf-dump-const title=\"in Illuminate\\Foundation\\Http\\Kernel-&gt;handle($request)\">    $response = $this-&gt;sendRequestThroughRouter($request);</span></code>
      &#8250; <code class=\"php\"><span class=sf-dump-default>} catch (Throwable $e) {</span></code>
      <span class=sf-dump-meta>arguments</span>: { &#8230;1}
    </samp>}
    <span class=\"sf-dump-meta sf-dump-ellipsization\" title=\"C:\\laragon\\www\\ecommerce-code\\index.php:56
Stack level 1.\"><span class=\"sf-dump-ellipsis sf-dump-ellipsis-path\">C:\\laragon\\www\\ecommerce-code</span><span class=\"sf-dump-ellipsis sf-dump-ellipsis-path\">\\</span><span class=\"sf-dump-ellipsis-tail\">index.php:56</span></span> {<samp data-depth=3 class=sf-dump-compact>
      &#8250; <code class=\"php\"><span class=sf-dump-default><span class=\"sf-dump-default sf-dump-ns\">\\r</span></span></code>
      &#8250; <code class=\"php\"><span class=sf-dump-const>$response = $kernel-&gt;handle(<span class=\"sf-dump-default sf-dump-ns\">\\r</span></span></code>
      &#8250; <code class=\"php\"><span class=sf-dump-default>    $request = Illuminate\\Http\\Request::capture()<span class=\"sf-dump-default sf-dump-ns\">\\r</span></span></code>
      <span class=sf-dump-meta>arguments</span>: { &#8230;1}
    </samp>}
  </samp>}
</samp>}
</pre><script>Sfdump(\"sf-dump-1957555282\", {\"maxDepth\":3,\"maxStringLength\":160})</script>
"}},"exception":"[object] (Spatie\\LaravelIgnition\\Exceptions\\ViewException(code: 0): SQLSTATE[42S02]: Base table or view not found: 1146 Table 'db_ecommerce.translations' doesn't exist (Connection: mysql, SQL: select `lang_value`, `lang_key` from `translations` where `lang` = en) at C:/laragon/www/ecommerce-code/vendor/laravel/framework/src/Illuminate/Database/Connection.php:829)
[stacktrace]
#0 C:/laragon/www/ecommerce-code/vendor/laravel/framework/src/Illuminate/Database/Connection.php(783): Illuminate/Database/Connection->runQueryCallback('select `lang_va...', Array, Object(Closure))
#1 C:/laragon/www/ecommerce-code/vendor/laravel/framework/src/Illuminate/Database/Connection.php(414): Illuminate/Database/Connection->run('select `lang_va...', Array, Object(Closure))
#2 C:/laragon/www/ecommerce-code/vendor/laravel/framework/src/Illuminate/Database/Query/Builder.php(2913): Illuminate/Database/Connection->select('select `lang_va...', Array, true)
#3 C:/laragon/www/ecommerce-code/vendor/laravel/framework/src/Illuminate/Database/Query/Builder.php(3142): Illuminate/Database/Query/Builder->runSelect()
#4 C:/laragon/www/ecommerce-code/vendor/laravel/framework/src/Illuminate/Database/Query/Builder.php(3456): Illuminate/Database/Query/Builder->Illuminate/Database/Query/{closure}()
#5 C:/laragon/www/ecommerce-code/vendor/laravel/framework/src/Illuminate/Database/Query/Builder.php(3138): Illuminate/Database/Query/Builder->onceWithColumns(Array, Object(Closure))
#6 C:/laragon/www/ecommerce-code/vendor/laravel/framework/src/Illuminate/Database/Eloquent/Builder.php(889): Illuminate/Database/Query/Builder->pluck('lang_value', 'lang_key')
#7 C:/laragon/www/ecommerce-code/app/Http/Helpers.php(929): Illuminate/Database/Eloquent/Builder->pluck('lang_value', 'lang_key')
#8 C:/laragon/www/ecommerce-code/vendor/laravel/framework/src/Illuminate/Cache/Repository.php(437): {closure}()
#9 C:/laragon/www/ecommerce-code/vendor/laravel/framework/src/Illuminate/Cache/CacheManager.php(429): Illuminate/Cache/Repository->rememberForever('translations-en', Object(Closure))
#10 C:/laragon/www/ecommerce-code/vendor/laravel/framework/src/Illuminate/Support/Facades/Facade.php(355): Illuminate/Cache/CacheManager->__call('rememberForever', Array)
#11 C:/laragon/www/ecommerce-code/app/Http/Helpers.php(928): Illuminate/Support/Facades/Facade::__callStatic('rememberForever', Array)
#12 C:/laragon/www/ecommerce-code/resources/views/errors/404.blade.php(9): translate('Page Not Found!')
#13 C:/laragon/www/ecommerce-code/vendor/laravel/framework/src/Illuminate/Filesystem/Filesystem.php(123): require('C://laragon//www//...')
#14 C:/laragon/www/ecommerce-code/vendor/laravel/framework/src/Illuminate/Filesystem/Filesystem.php(124): Illuminate/Filesystem/Filesystem::Illuminate/Filesystem/{closure}()
#15 C:/laragon/www/ecommerce-code/vendor/laravel/framework/src/Illuminate/View/Engines/PhpEngine.php(58): Illuminate/Filesystem/Filesystem->getRequire('C://laragon//www//...', Array)
#16 C:/laragon/www/ecommerce-code/vendor/laravel/framework/src/Illuminate/View/Engines/CompilerEngine.php(72): Illuminate/View/Engines/PhpEngine->evaluatePath('C://laragon//www//...', Array)
#17 C:/laragon/www/ecommerce-code/vendor/laravel/framework/src/Illuminate/View/View.php(207): Illuminate/View/Engines/CompilerEngine->get('C://laragon//www//...', Array)
#18 C:/laragon/www/ecommerce-code/vendor/laravel/framework/src/Illuminate/View/View.php(190): Illuminate/View/View->getContents()
#19 C:/laragon/www/ecommerce-code/vendor/laravel/framework/src/Illuminate/View/View.php(159): Illuminate/View/View->renderContents()
#20 C:/laragon/www/ecommerce-code/vendor/laravel/framework/src/Illuminate/Http/Response.php(69): Illuminate/View/View->render()
#21 C:/laragon/www/ecommerce-code/vendor/laravel/framework/src/Illuminate/Http/Response.php(35): Illuminate/Http/Response->setContent(Object(Illuminate/View/View))
#22 C:/laragon/www/ecommerce-code/vendor/laravel/framework/src/Illuminate/Routing/ResponseFactory.php(58): Illuminate/Http/Response->__construct(Object(Illuminate/View/View), 404, Array)
#23 C:/laragon/www/ecommerce-code/vendor/laravel/framework/src/Illuminate/Routing/ResponseFactory.php(88): Illuminate/Routing/ResponseFactory->make(Object(Illuminate/View/View), 404, Array)
#24 C:/laragon/www/ecommerce-code/vendor/laravel/framework/src/Illuminate/Foundation/Exceptions/Handler.php(723): Illuminate/Routing/ResponseFactory->view('errors::404', Array, 404, Array)
#25 C:/laragon/www/ecommerce-code/vendor/laravel/framework/src/Illuminate/Foundation/Exceptions/Handler.php(650): Illuminate/Foundation/Exceptions/Handler->renderHttpException(Object(Symfony/Component/HttpKernel/Exception/NotFoundHttpException))
#26 C:/laragon/www/ecommerce-code/vendor/laravel/framework/src/Illuminate/Foundation/Exceptions/Handler.php(556): Illuminate/Foundation/Exceptions/Handler->prepareResponse(Object(Illuminate/Http/Request), Object(Symfony/Component/HttpKernel/Exception/NotFoundHttpException))
#27 C:/laragon/www/ecommerce-code/vendor/laravel/framework/src/Illuminate/Foundation/Exceptions/Handler.php(473): Illuminate/Foundation/Exceptions/Handler->renderExceptionResponse(Object(Illuminate/Http/Request), Object(Symfony/Component/HttpKernel/Exception/NotFoundHttpException))
#28 C:/laragon/www/ecommerce-code/app/Exceptions/Handler.php(55): Illuminate/Foundation/Exceptions/Handler->render(Object(Illuminate/Http/Request), Object(Symfony/Component/HttpKernel/Exception/NotFoundHttpException))
#29 C:/laragon/www/ecommerce-code/vendor/laravel/framework/src/Illuminate/Routing/Pipeline.php(51): App/Exceptions/Handler->render(Object(Illuminate/Http/Request), Object(Symfony/Component/HttpKernel/Exception/NotFoundHttpException))
#30 C:/laragon/www/ecommerce-code/vendor/laravel/framework/src/Illuminate/Pipeline/Pipeline.php(146): Illuminate/Routing/Pipeline->handleException(Object(Illuminate/Http/Request), Object(Symfony/Component/HttpKernel/Exception/NotFoundHttpException))
#31 C:/laragon/www/ecommerce-code/vendor/barryvdh/laravel-debugbar/src/Middleware/InjectDebugbar.php(59): Illuminate/Pipeline/Pipeline->Illuminate/Pipeline/{closure}(Object(Illuminate/Http/Request))
#32 C:/laragon/www/ecommerce-code/vendor/laravel/framework/src/Illuminate/Pipeline/Pipeline.php(183): Barryvdh/Debugbar/Middleware/InjectDebugbar->handle(Object(Illuminate/Http/Request), Object(Closure))
#33 C:/laragon/www/ecommerce-code/vendor/laravel/framework/src/Illuminate/View/Middleware/ShareErrorsFromSession.php(49): Illuminate/Pipeline/Pipeline->Illuminate/Pipeline/{closure}(Object(Illuminate/Http/Request))
#34 C:/laragon/www/ecommerce-code/vendor/laravel/framework/src/Illuminate/Pipeline/Pipeline.php(183): Illuminate/View/Middleware/ShareErrorsFromSession->handle(Object(Illuminate/Http/Request), Object(Closure))
#35 C:/laragon/www/ecommerce-code/vendor/laravel/framework/src/Illuminate/Session/Middleware/StartSession.php(121): Illuminate/Pipeline/Pipeline->Illuminate/Pipeline/{closure}(Object(Illuminate/Http/Request))
#36 C:/laragon/www/ecommerce-code/vendor/laravel/framework/src/Illuminate/Session/Middleware/StartSession.php(64): Illuminate/Session/Middleware/StartSession->handleStatefulRequest(Object(Illuminate/Http/Request), Object(Illuminate/Session/Store), Object(Closure))
#37 C:/laragon/www/ecommerce-code/vendor/laravel/framework/src/Illuminate/Pipeline/Pipeline.php(183): Illuminate/Session/Middleware/StartSession->handle(Object(Illuminate/Http/Request), Object(Closure))
#38 C:/laragon/www/ecommerce-code/vendor/laravel/framework/src/Illuminate/Http/Middleware/TrustProxies.php(39): Illuminate/Pipeline/Pipeline->Illuminate/Pipeline/{closure}(Object(Illuminate/Http/Request))
#39 C:/laragon/www/ecommerce-code/vendor/laravel/framework/src/Illuminate/Pipeline/Pipeline.php(183): Illuminate/Http/Middleware/TrustProxies->handle(Object(Illuminate/Http/Request), Object(Closure))
#40 C:/laragon/www/ecommerce-code/vendor/laravel/framework/src/Illuminate/Foundation/Http/Middleware/TransformsRequest.php(21): Illuminate/Pipeline/Pipeline->Illuminate/Pipeline/{closure}(Object(Illuminate/Http/Request))
#41 C:/laragon/www/ecommerce-code/vendor/laravel/framework/src/Illuminate/Foundation/Http/Middleware/ConvertEmptyStringsToNull.php(31): Illuminate/Foundation/Http/Middleware/TransformsRequest->handle(Object(Illuminate/Http/Request), Object(Closure))
#42 C:/laragon/www/ecommerce-code/vendor/laravel/framework/src/Illuminate/Pipeline/Pipeline.php(183): Illuminate/Foundation/Http/Middleware/ConvertEmptyStringsToNull->handle(Object(Illuminate/Http/Request), Object(Closure))
#43 C:/laragon/www/ecommerce-code/vendor/laravel/framework/src/Illuminate/Foundation/Http/Middleware/TransformsRequest.php(21): Illuminate/Pipeline/Pipeline->Illuminate/Pipeline/{closure}(Object(Illuminate/Http/Request))
#44 C:/laragon/www/ecommerce-code/vendor/laravel/framework/src/Illuminate/Foundation/Http/Middleware/TrimStrings.php(40): Illuminate/Foundation/Http/Middleware/TransformsRequest->handle(Object(Illuminate/Http/Request), Object(Closure))
#45 C:/laragon/www/ecommerce-code/vendor/laravel/framework/src/Illuminate/Pipeline/Pipeline.php(183): Illuminate/Foundation/Http/Middleware/TrimStrings->handle(Object(Illuminate/Http/Request), Object(Closure))
#46 C:/laragon/www/ecommerce-code/vendor/laravel/framework/src/Illuminate/Foundation/Http/Middleware/ValidatePostSize.php(27): Illuminate/Pipeline/Pipeline->Illuminate/Pipeline/{closure}(Object(Illuminate/Http/Request))
#47 C:/laragon/www/ecommerce-code/vendor/laravel/framework/src/Illuminate/Pipeline/Pipeline.php(183): Illuminate/Foundation/Http/Middleware/ValidatePostSize->handle(Object(Illuminate/Http/Request), Object(Closure))
#48 C:/laragon/www/ecommerce-code/vendor/laravel/framework/src/Illuminate/Pipeline/Pipeline.php(119): Illuminate/Pipeline/Pipeline->Illuminate/Pipeline/{closure}(Object(Illuminate/Http/Request))
#49 C:/laragon/www/ecommerce-code/vendor/laravel/framework/src/Illuminate/Foundation/Http/Kernel.php(175): Illuminate/Pipeline/Pipeline->then(Object(Closure))
#50 C:/laragon/www/ecommerce-code/vendor/laravel/framework/src/Illuminate/Foundation/Http/Kernel.php(144): Illuminate/Foundation/Http/Kernel->sendRequestThroughRouter(Object(Illuminate/Http/Request))
#51 C:/laragon/www/ecommerce-code/index.php(56): Illuminate/Foundation/Http/Kernel->handle(Object(Illuminate/Http/Request))
#52 {main}

[previous exception] [object] (Illuminate\\Database\\QueryException(code: 42S02): SQLSTATE[42S02]: Base table or view not found: 1146 Table 'db_ecommerce.translations' doesn't exist (Connection: mysql, SQL: select `lang_value`, `lang_key` from `translations` where `lang` = en) at C:/laragon/www/ecommerce-code/vendor/laravel/framework/src/Illuminate/Database/Connection.php:829)
[stacktrace]
#0 C:/laragon/www/ecommerce-code/vendor/laravel/framework/src/Illuminate/Database/Connection.php(783): Illuminate/Database/Connection->runQueryCallback('select `lang_va...', Array, Object(Closure))
#1 C:/laragon/www/ecommerce-code/vendor/laravel/framework/src/Illuminate/Database/Connection.php(414): Illuminate/Database/Connection->run('select `lang_va...', Array, Object(Closure))
#2 C:/laragon/www/ecommerce-code/vendor/laravel/framework/src/Illuminate/Database/Query/Builder.php(2913): Illuminate/Database/Connection->select('select `lang_va...', Array, true)
#3 C:/laragon/www/ecommerce-code/vendor/laravel/framework/src/Illuminate/Database/Query/Builder.php(3142): Illuminate/Database/Query/Builder->runSelect()
#4 C:/laragon/www/ecommerce-code/vendor/laravel/framework/src/Illuminate/Database/Query/Builder.php(3456): Illuminate/Database/Query/Builder->Illuminate/Database/Query/{closure}()
#5 C:/laragon/www/ecommerce-code/vendor/laravel/framework/src/Illuminate/Database/Query/Builder.php(3138): Illuminate/Database/Query/Builder->onceWithColumns(Array, Object(Closure))
#6 C:/laragon/www/ecommerce-code/vendor/laravel/framework/src/Illuminate/Database/Eloquent/Builder.php(889): Illuminate/Database/Query/Builder->pluck('lang_value', 'lang_key')
#7 C:/laragon/www/ecommerce-code/app/Http/Helpers.php(929): Illuminate/Database/Eloquent/Builder->pluck('lang_value', 'lang_key')
#8 C:/laragon/www/ecommerce-code/vendor/laravel/framework/src/Illuminate/Cache/Repository.php(437): {closure}()
#9 C:/laragon/www/ecommerce-code/vendor/laravel/framework/src/Illuminate/Cache/CacheManager.php(429): Illuminate/Cache/Repository->rememberForever('translations-en', Object(Closure))
#10 C:/laragon/www/ecommerce-code/vendor/laravel/framework/src/Illuminate/Support/Facades/Facade.php(355): Illuminate/Cache/CacheManager->__call('rememberForever', Array)
#11 C:/laragon/www/ecommerce-code/app/Http/Helpers.php(928): Illuminate/Support/Facades/Facade::__callStatic('rememberForever', Array)
#12 C:/laragon/www/ecommerce-code/storage/framework/views/c0ec6dd19e289e1a5afce2021cf2bbe4.php(9): translate('Page Not Found!')
#13 C:/laragon/www/ecommerce-code/vendor/laravel/framework/src/Illuminate/Filesystem/Filesystem.php(123): require('C://laragon//www//...')
#14 C:/laragon/www/ecommerce-code/vendor/laravel/framework/src/Illuminate/Filesystem/Filesystem.php(124): Illuminate/Filesystem/Filesystem::Illuminate/Filesystem/{closure}()
#15 C:/laragon/www/ecommerce-code/vendor/laravel/framework/src/Illuminate/View/Engines/PhpEngine.php(58): Illuminate/Filesystem/Filesystem->getRequire('C://laragon//www//...', Array)
#16 C:/laragon/www/ecommerce-code/vendor/laravel/framework/src/Illuminate/View/Engines/CompilerEngine.php(72): Illuminate/View/Engines/PhpEngine->evaluatePath('C://laragon//www//...', Array)
#17 C:/laragon/www/ecommerce-code/vendor/laravel/framework/src/Illuminate/View/View.php(207): Illuminate/View/Engines/CompilerEngine->get('C://laragon//www//...', Array)
#18 C:/laragon/www/ecommerce-code/vendor/laravel/framework/src/Illuminate/View/View.php(190): Illuminate/View/View->getContents()
#19 C:/laragon/www/ecommerce-code/vendor/laravel/framework/src/Illuminate/View/View.php(159): Illuminate/View/View->renderContents()
#20 C:/laragon/www/ecommerce-code/vendor/laravel/framework/src/Illuminate/Http/Response.php(69): Illuminate/View/View->render()
#21 C:/laragon/www/ecommerce-code/vendor/laravel/framework/src/Illuminate/Http/Response.php(35): Illuminate/Http/Response->setContent(Object(Illuminate/View/View))
#22 C:/laragon/www/ecommerce-code/vendor/laravel/framework/src/Illuminate/Routing/ResponseFactory.php(58): Illuminate/Http/Response->__construct(Object(Illuminate/View/View), 404, Array)
#23 C:/laragon/www/ecommerce-code/vendor/laravel/framework/src/Illuminate/Routing/ResponseFactory.php(88): Illuminate/Routing/ResponseFactory->make(Object(Illuminate/View/View), 404, Array)
#24 C:/laragon/www/ecommerce-code/vendor/laravel/framework/src/Illuminate/Foundation/Exceptions/Handler.php(723): Illuminate/Routing/ResponseFactory->view('errors::404', Array, 404, Array)
#25 C:/laragon/www/ecommerce-code/vendor/laravel/framework/src/Illuminate/Foundation/Exceptions/Handler.php(650): Illuminate/Foundation/Exceptions/Handler->renderHttpException(Object(Symfony/Component/HttpKernel/Exception/NotFoundHttpException))
#26 C:/laragon/www/ecommerce-code/vendor/laravel/framework/src/Illuminate/Foundation/Exceptions/Handler.php(556): Illuminate/Foundation/Exceptions/Handler->prepareResponse(Object(Illuminate/Http/Request), Object(Symfony/Component/HttpKernel/Exception/NotFoundHttpException))
#27 C:/laragon/www/ecommerce-code/vendor/laravel/framework/src/Illuminate/Foundation/Exceptions/Handler.php(473): Illuminate/Foundation/Exceptions/Handler->renderExceptionResponse(Object(Illuminate/Http/Request), Object(Symfony/Component/HttpKernel/Exception/NotFoundHttpException))
#28 C:/laragon/www/ecommerce-code/app/Exceptions/Handler.php(55): Illuminate/Foundation/Exceptions/Handler->render(Object(Illuminate/Http/Request), Object(Symfony/Component/HttpKernel/Exception/NotFoundHttpException))
#29 C:/laragon/www/ecommerce-code/vendor/laravel/framework/src/Illuminate/Routing/Pipeline.php(51): App/Exceptions/Handler->render(Object(Illuminate/Http/Request), Object(Symfony/Component/HttpKernel/Exception/NotFoundHttpException))
#30 C:/laragon/www/ecommerce-code/vendor/laravel/framework/src/Illuminate/Pipeline/Pipeline.php(146): Illuminate/Routing/Pipeline->handleException(Object(Illuminate/Http/Request), Object(Symfony/Component/HttpKernel/Exception/NotFoundHttpException))
#31 C:/laragon/www/ecommerce-code/vendor/barryvdh/laravel-debugbar/src/Middleware/InjectDebugbar.php(59): Illuminate/Pipeline/Pipeline->Illuminate/Pipeline/{closure}(Object(Illuminate/Http/Request))
#32 C:/laragon/www/ecommerce-code/vendor/laravel/framework/src/Illuminate/Pipeline/Pipeline.php(183): Barryvdh/Debugbar/Middleware/InjectDebugbar->handle(Object(Illuminate/Http/Request), Object(Closure))
#33 C:/laragon/www/ecommerce-code/vendor/laravel/framework/src/Illuminate/View/Middleware/ShareErrorsFromSession.php(49): Illuminate/Pipeline/Pipeline->Illuminate/Pipeline/{closure}(Object(Illuminate/Http/Request))
#34 C:/laragon/www/ecommerce-code/vendor/laravel/framework/src/Illuminate/Pipeline/Pipeline.php(183): Illuminate/View/Middleware/ShareErrorsFromSession->handle(Object(Illuminate/Http/Request), Object(Closure))
#35 C:/laragon/www/ecommerce-code/vendor/laravel/framework/src/Illuminate/Session/Middleware/StartSession.php(121): Illuminate/Pipeline/Pipeline->Illuminate/Pipeline/{closure}(Object(Illuminate/Http/Request))
#36 C:/laragon/www/ecommerce-code/vendor/laravel/framework/src/Illuminate/Session/Middleware/StartSession.php(64): Illuminate/Session/Middleware/StartSession->handleStatefulRequest(Object(Illuminate/Http/Request), Object(Illuminate/Session/Store), Object(Closure))
#37 C:/laragon/www/ecommerce-code/vendor/laravel/framework/src/Illuminate/Pipeline/Pipeline.php(183): Illuminate/Session/Middleware/StartSession->handle(Object(Illuminate/Http/Request), Object(Closure))
#38 C:/laragon/www/ecommerce-code/vendor/laravel/framework/src/Illuminate/Http/Middleware/TrustProxies.php(39): Illuminate/Pipeline/Pipeline->Illuminate/Pipeline/{closure}(Object(Illuminate/Http/Request))
#39 C:/laragon/www/ecommerce-code/vendor/laravel/framework/src/Illuminate/Pipeline/Pipeline.php(183): Illuminate/Http/Middleware/TrustProxies->handle(Object(Illuminate/Http/Request), Object(Closure))
#40 C:/laragon/www/ecommerce-code/vendor/laravel/framework/src/Illuminate/Foundation/Http/Middleware/TransformsRequest.php(21): Illuminate/Pipeline/Pipeline->Illuminate/Pipeline/{closure}(Object(Illuminate/Http/Request))
#41 C:/laragon/www/ecommerce-code/vendor/laravel/framework/src/Illuminate/Foundation/Http/Middleware/ConvertEmptyStringsToNull.php(31): Illuminate/Foundation/Http/Middleware/TransformsRequest->handle(Object(Illuminate/Http/Request), Object(Closure))
#42 C:/laragon/www/ecommerce-code/vendor/laravel/framework/src/Illuminate/Pipeline/Pipeline.php(183): Illuminate/Foundation/Http/Middleware/ConvertEmptyStringsToNull->handle(Object(Illuminate/Http/Request), Object(Closure))
#43 C:/laragon/www/ecommerce-code/vendor/laravel/framework/src/Illuminate/Foundation/Http/Middleware/TransformsRequest.php(21): Illuminate/Pipeline/Pipeline->Illuminate/Pipeline/{closure}(Object(Illuminate/Http/Request))
#44 C:/laragon/www/ecommerce-code/vendor/laravel/framework/src/Illuminate/Foundation/Http/Middleware/TrimStrings.php(40): Illuminate/Foundation/Http/Middleware/TransformsRequest->handle(Object(Illuminate/Http/Request), Object(Closure))
#45 C:/laragon/www/ecommerce-code/vendor/laravel/framework/src/Illuminate/Pipeline/Pipeline.php(183): Illuminate/Foundation/Http/Middleware/TrimStrings->handle(Object(Illuminate/Http/Request), Object(Closure))
#46 C:/laragon/www/ecommerce-code/vendor/laravel/framework/src/Illuminate/Foundation/Http/Middleware/ValidatePostSize.php(27): Illuminate/Pipeline/Pipeline->Illuminate/Pipeline/{closure}(Object(Illuminate/Http/Request))
#47 C:/laragon/www/ecommerce-code/vendor/laravel/framework/src/Illuminate/Pipeline/Pipeline.php(183): Illuminate/Foundation/Http/Middleware/ValidatePostSize->handle(Object(Illuminate/Http/Request), Object(Closure))
#48 C:/laragon/www/ecommerce-code/vendor/laravel/framework/src/Illuminate/Pipeline/Pipeline.php(119): Illuminate/Pipeline/Pipeline->Illuminate/Pipeline/{closure}(Object(Illuminate/Http/Request))
#49 C:/laragon/www/ecommerce-code/vendor/laravel/framework/src/Illuminate/Foundation/Http/Kernel.php(175): Illuminate/Pipeline/Pipeline->then(Object(Closure))
#50 C:/laragon/www/ecommerce-code/vendor/laravel/framework/src/Illuminate/Foundation/Http/Kernel.php(144): Illuminate/Foundation/Http/Kernel->sendRequestThroughRouter(Object(Illuminate/Http/Request))
#51 C:/laragon/www/ecommerce-code/index.php(56): Illuminate/Foundation/Http/Kernel->handle(Object(Illuminate/Http/Request))
#52 {main}

[previous exception] [object] (PDOException(code: 42S02): SQLSTATE[42S02]: Base table or view not found: 1146 Table 'db_ecommerce.translations' doesn't exist at C:/laragon/www/ecommerce-code/vendor/laravel/framework/src/Illuminate/Database/Connection.php:423)
[stacktrace]
#0 C:/laragon/www/ecommerce-code/vendor/laravel/framework/src/Illuminate/Database/Connection.php(423): PDO->prepare('select `lang_va...')
#1 C:/laragon/www/ecommerce-code/vendor/laravel/framework/src/Illuminate/Database/Connection.php(816): Illuminate/Database/Connection->Illuminate/Database/{closure}('select `lang_va...', Array)
#2 C:/laragon/www/ecommerce-code/vendor/laravel/framework/src/Illuminate/Database/Connection.php(783): Illuminate/Database/Connection->runQueryCallback('select `lang_va...', Array, Object(Closure))
#3 C:/laragon/www/ecommerce-code/vendor/laravel/framework/src/Illuminate/Database/Connection.php(414): Illuminate/Database/Connection->run('select `lang_va...', Array, Object(Closure))
#4 C:/laragon/www/ecommerce-code/vendor/laravel/framework/src/Illuminate/Database/Query/Builder.php(2913): Illuminate/Database/Connection->select('select `lang_va...', Array, true)
#5 C:/laragon/www/ecommerce-code/vendor/laravel/framework/src/Illuminate/Database/Query/Builder.php(3142): Illuminate/Database/Query/Builder->runSelect()
#6 C:/laragon/www/ecommerce-code/vendor/laravel/framework/src/Illuminate/Database/Query/Builder.php(3456): Illuminate/Database/Query/Builder->Illuminate/Database/Query/{closure}()
#7 C:/laragon/www/ecommerce-code/vendor/laravel/framework/src/Illuminate/Database/Query/Builder.php(3138): Illuminate/Database/Query/Builder->onceWithColumns(Array, Object(Closure))
#8 C:/laragon/www/ecommerce-code/vendor/laravel/framework/src/Illuminate/Database/Eloquent/Builder.php(889): Illuminate/Database/Query/Builder->pluck('lang_value', 'lang_key')
#9 C:/laragon/www/ecommerce-code/app/Http/Helpers.php(929): Illuminate/Database/Eloquent/Builder->pluck('lang_value', 'lang_key')
#10 C:/laragon/www/ecommerce-code/vendor/laravel/framework/src/Illuminate/Cache/Repository.php(437): {closure}()
#11 C:/laragon/www/ecommerce-code/vendor/laravel/framework/src/Illuminate/Cache/CacheManager.php(429): Illuminate/Cache/Repository->rememberForever('translations-en', Object(Closure))
#12 C:/laragon/www/ecommerce-code/vendor/laravel/framework/src/Illuminate/Support/Facades/Facade.php(355): Illuminate/Cache/CacheManager->__call('rememberForever', Array)
#13 C:/laragon/www/ecommerce-code/app/Http/Helpers.php(928): Illuminate/Support/Facades/Facade::__callStatic('rememberForever', Array)
#14 C:/laragon/www/ecommerce-code/storage/framework/views/c0ec6dd19e289e1a5afce2021cf2bbe4.php(9): translate('Page Not Found!')
#15 C:/laragon/www/ecommerce-code/vendor/laravel/framework/src/Illuminate/Filesystem/Filesystem.php(123): require('C://laragon//www//...')
#16 C:/laragon/www/ecommerce-code/vendor/laravel/framework/src/Illuminate/Filesystem/Filesystem.php(124): Illuminate/Filesystem/Filesystem::Illuminate/Filesystem/{closure}()
#17 C:/laragon/www/ecommerce-code/vendor/laravel/framework/src/Illuminate/View/Engines/PhpEngine.php(58): Illuminate/Filesystem/Filesystem->getRequire('C://laragon//www//...', Array)
#18 C:/laragon/www/ecommerce-code/vendor/laravel/framework/src/Illuminate/View/Engines/CompilerEngine.php(72): Illuminate/View/Engines/PhpEngine->evaluatePath('C://laragon//www//...', Array)
#19 C:/laragon/www/ecommerce-code/vendor/laravel/framework/src/Illuminate/View/View.php(207): Illuminate/View/Engines/CompilerEngine->get('C://laragon//www//...', Array)
#20 C:/laragon/www/ecommerce-code/vendor/laravel/framework/src/Illuminate/View/View.php(190): Illuminate/View/View->getContents()
#21 C:/laragon/www/ecommerce-code/vendor/laravel/framework/src/Illuminate/View/View.php(159): Illuminate/View/View->renderContents()
#22 C:/laragon/www/ecommerce-code/vendor/laravel/framework/src/Illuminate/Http/Response.php(69): Illuminate/View/View->render()
#23 C:/laragon/www/ecommerce-code/vendor/laravel/framework/src/Illuminate/Http/Response.php(35): Illuminate/Http/Response->setContent(Object(Illuminate/View/View))
#24 C:/laragon/www/ecommerce-code/vendor/laravel/framework/src/Illuminate/Routing/ResponseFactory.php(58): Illuminate/Http/Response->__construct(Object(Illuminate/View/View), 404, Array)
#25 C:/laragon/www/ecommerce-code/vendor/laravel/framework/src/Illuminate/Routing/ResponseFactory.php(88): Illuminate/Routing/ResponseFactory->make(Object(Illuminate/View/View), 404, Array)
#26 C:/laragon/www/ecommerce-code/vendor/laravel/framework/src/Illuminate/Foundation/Exceptions/Handler.php(723): Illuminate/Routing/ResponseFactory->view('errors::404', Array, 404, Array)
#27 C:/laragon/www/ecommerce-code/vendor/laravel/framework/src/Illuminate/Foundation/Exceptions/Handler.php(650): Illuminate/Foundation/Exceptions/Handler->renderHttpException(Object(Symfony/Component/HttpKernel/Exception/NotFoundHttpException))
#28 C:/laragon/www/ecommerce-code/vendor/laravel/framework/src/Illuminate/Foundation/Exceptions/Handler.php(556): Illuminate/Foundation/Exceptions/Handler->prepareResponse(Object(Illuminate/Http/Request), Object(Symfony/Component/HttpKernel/Exception/NotFoundHttpException))
#29 C:/laragon/www/ecommerce-code/vendor/laravel/framework/src/Illuminate/Foundation/Exceptions/Handler.php(473): Illuminate/Foundation/Exceptions/Handler->renderExceptionResponse(Object(Illuminate/Http/Request), Object(Symfony/Component/HttpKernel/Exception/NotFoundHttpException))
#30 C:/laragon/www/ecommerce-code/app/Exceptions/Handler.php(55): Illuminate/Foundation/Exceptions/Handler->render(Object(Illuminate/Http/Request), Object(Symfony/Component/HttpKernel/Exception/NotFoundHttpException))
#31 C:/laragon/www/ecommerce-code/vendor/laravel/framework/src/Illuminate/Routing/Pipeline.php(51): App/Exceptions/Handler->render(Object(Illuminate/Http/Request), Object(Symfony/Component/HttpKernel/Exception/NotFoundHttpException))
#32 C:/laragon/www/ecommerce-code/vendor/laravel/framework/src/Illuminate/Pipeline/Pipeline.php(146): Illuminate/Routing/Pipeline->handleException(Object(Illuminate/Http/Request), Object(Symfony/Component/HttpKernel/Exception/NotFoundHttpException))
#33 C:/laragon/www/ecommerce-code/vendor/barryvdh/laravel-debugbar/src/Middleware/InjectDebugbar.php(59): Illuminate/Pipeline/Pipeline->Illuminate/Pipeline/{closure}(Object(Illuminate/Http/Request))
#34 C:/laragon/www/ecommerce-code/vendor/laravel/framework/src/Illuminate/Pipeline/Pipeline.php(183): Barryvdh/Debugbar/Middleware/InjectDebugbar->handle(Object(Illuminate/Http/Request), Object(Closure))
#35 C:/laragon/www/ecommerce-code/vendor/laravel/framework/src/Illuminate/View/Middleware/ShareErrorsFromSession.php(49): Illuminate/Pipeline/Pipeline->Illuminate/Pipeline/{closure}(Object(Illuminate/Http/Request))
#36 C:/laragon/www/ecommerce-code/vendor/laravel/framework/src/Illuminate/Pipeline/Pipeline.php(183): Illuminate/View/Middleware/ShareErrorsFromSession->handle(Object(Illuminate/Http/Request), Object(Closure))
#37 C:/laragon/www/ecommerce-code/vendor/laravel/framework/src/Illuminate/Session/Middleware/StartSession.php(121): Illuminate/Pipeline/Pipeline->Illuminate/Pipeline/{closure}(Object(Illuminate/Http/Request))
#38 C:/laragon/www/ecommerce-code/vendor/laravel/framework/src/Illuminate/Session/Middleware/StartSession.php(64): Illuminate/Session/Middleware/StartSession->handleStatefulRequest(Object(Illuminate/Http/Request), Object(Illuminate/Session/Store), Object(Closure))
#39 C:/laragon/www/ecommerce-code/vendor/laravel/framework/src/Illuminate/Pipeline/Pipeline.php(183): Illuminate/Session/Middleware/StartSession->handle(Object(Illuminate/Http/Request), Object(Closure))
#40 C:/laragon/www/ecommerce-code/vendor/laravel/framework/src/Illuminate/Http/Middleware/TrustProxies.php(39): Illuminate/Pipeline/Pipeline->Illuminate/Pipeline/{closure}(Object(Illuminate/Http/Request))
#41 C:/laragon/www/ecommerce-code/vendor/laravel/framework/src/Illuminate/Pipeline/Pipeline.php(183): Illuminate/Http/Middleware/TrustProxies->handle(Object(Illuminate/Http/Request), Object(Closure))
#42 C:/laragon/www/ecommerce-code/vendor/laravel/framework/src/Illuminate/Foundation/Http/Middleware/TransformsRequest.php(21): Illuminate/Pipeline/Pipeline->Illuminate/Pipeline/{closure}(Object(Illuminate/Http/Request))
#43 C:/laragon/www/ecommerce-code/vendor/laravel/framework/src/Illuminate/Foundation/Http/Middleware/ConvertEmptyStringsToNull.php(31): Illuminate/Foundation/Http/Middleware/TransformsRequest->handle(Object(Illuminate/Http/Request), Object(Closure))
#44 C:/laragon/www/ecommerce-code/vendor/laravel/framework/src/Illuminate/Pipeline/Pipeline.php(183): Illuminate/Foundation/Http/Middleware/ConvertEmptyStringsToNull->handle(Object(Illuminate/Http/Request), Object(Closure))
#45 C:/laragon/www/ecommerce-code/vendor/laravel/framework/src/Illuminate/Foundation/Http/Middleware/TransformsRequest.php(21): Illuminate/Pipeline/Pipeline->Illuminate/Pipeline/{closure}(Object(Illuminate/Http/Request))
#46 C:/laragon/www/ecommerce-code/vendor/laravel/framework/src/Illuminate/Foundation/Http/Middleware/TrimStrings.php(40): Illuminate/Foundation/Http/Middleware/TransformsRequest->handle(Object(Illuminate/Http/Request), Object(Closure))
#47 C:/laragon/www/ecommerce-code/vendor/laravel/framework/src/Illuminate/Pipeline/Pipeline.php(183): Illuminate/Foundation/Http/Middleware/TrimStrings->handle(Object(Illuminate/Http/Request), Object(Closure))
#48 C:/laragon/www/ecommerce-code/vendor/laravel/framework/src/Illuminate/Foundation/Http/Middleware/ValidatePostSize.php(27): Illuminate/Pipeline/Pipeline->Illuminate/Pipeline/{closure}(Object(Illuminate/Http/Request))
#49 C:/laragon/www/ecommerce-code/vendor/laravel/framework/src/Illuminate/Pipeline/Pipeline.php(183): Illuminate/Foundation/Http/Middleware/ValidatePostSize->handle(Object(Illuminate/Http/Request), Object(Closure))
#50 C:/laragon/www/ecommerce-code/vendor/laravel/framework/src/Illuminate/Pipeline/Pipeline.php(119): Illuminate/Pipeline/Pipeline->Illuminate/Pipeline/{closure}(Object(Illuminate/Http/Request))
#51 C:/laragon/www/ecommerce-code/vendor/laravel/framework/src/Illuminate/Foundation/Http/Kernel.php(175): Illuminate/Pipeline/Pipeline->then(Object(Closure))
#52 C:/laragon/www/ecommerce-code/vendor/laravel/framework/src/Illuminate/Foundation/Http/Kernel.php(144): Illuminate/Foundation/Http/Kernel->sendRequestThroughRouter(Object(Illuminate/Http/Request))
#53 C:/laragon/www/ecommerce-code/index.php(56): Illuminate/Foundation/Http/Kernel->handle(Object(Illuminate/Http/Request))
#54 {main}
"} 
[2026-01-09 14:25:02] local.ERROR: rename(C:\laragon\www\ecommerce-code\bootstrap\cache\pac2B3A.tmp,C:\laragon\www\ecommerce-code\bootstrap\cache/packages.php): Acceso denegado (code: 5) {"exception":"[object] (ErrorException(code: 0): rename(C:\\laragon\\www\\ecommerce-code\\bootstrap\\cache\\pac2B3A.tmp,C:\\laragon\\www\\ecommerce-code\\bootstrap\\cache/packages.php): Acceso denegado (code: 5) at C:/laragon/www/ecommerce-code/vendor/laravel/framework/src/Illuminate/Filesystem/Filesystem.php:233)
[stacktrace]
#0 C:/laragon/www/ecommerce-code/vendor/laravel/framework/src/Illuminate/Foundation/Bootstrap/HandleExceptions.php(255): Illuminate/Foundation/Bootstrap/HandleExceptions->handleError(2, 'rename(C://larag...', 'C://laragon//www//...', 233)
#1 [internal function]: Illuminate/Foundation/Bootstrap/HandleExceptions->Illuminate/Foundation/Bootstrap/{closure}(2, 'rename(C://larag...', 'C://laragon//www//...', 233)
#2 C:/laragon/www/ecommerce-code/vendor/laravel/framework/src/Illuminate/Filesystem/Filesystem.php(233): rename('C://laragon//www//...', 'C://laragon//www//...')
#3 C:/laragon/www/ecommerce-code/vendor/laravel/framework/src/Illuminate/Foundation/PackageManifest.php(181): Illuminate/Filesystem/Filesystem->replace('C://laragon//www//...', '<?php return ar...')
#4 C:/laragon/www/ecommerce-code/vendor/laravel/framework/src/Illuminate/Foundation/PackageManifest.php(131): Illuminate/Foundation/PackageManifest->write(Array)
#5 C:/laragon/www/ecommerce-code/vendor/laravel/framework/src/Illuminate/Foundation/PackageManifest.php(107): Illuminate/Foundation/PackageManifest->build()
#6 C:/laragon/www/ecommerce-code/vendor/laravel/framework/src/Illuminate/Foundation/PackageManifest.php(90): Illuminate/Foundation/PackageManifest->getManifest()
#7 C:/laragon/www/ecommerce-code/vendor/laravel/framework/src/Illuminate/Foundation/PackageManifest.php(79): Illuminate/Foundation/PackageManifest->config('aliases')
#8 C:/laragon/www/ecommerce-code/vendor/laravel/framework/src/Illuminate/Foundation/Bootstrap/RegisterFacades.php(26): Illuminate/Foundation/PackageManifest->aliases()
#9 C:/laragon/www/ecommerce-code/vendor/laravel/framework/src/Illuminate/Foundation/Application.php(286): Illuminate/Foundation/Bootstrap/RegisterFacades->bootstrap(Object(Illuminate/Foundation/Application))
#10 C:/laragon/www/ecommerce-code/vendor/laravel/framework/src/Illuminate/Foundation/Http/Kernel.php(186): Illuminate/Foundation/Application->bootstrapWith(Array)
#11 C:/laragon/www/ecommerce-code/vendor/laravel/framework/src/Illuminate/Foundation/Http/Kernel.php(170): Illuminate/Foundation/Http/Kernel->bootstrap()
#12 C:/laragon/www/ecommerce-code/vendor/laravel/framework/src/Illuminate/Foundation/Http/Kernel.php(144): Illuminate/Foundation/Http/Kernel->sendRequestThroughRouter(Object(Illuminate/Http/Request))
#13 C:/laragon/www/ecommerce-code/index.php(56): Illuminate/Foundation/Http/Kernel->handle(Object(Illuminate/Http/Request))
#14 {main}
"} 
[2026-01-09 14:25:02] local.ERROR: Target class [view] does not exist. {"exception":"[object] (Illuminate\\Contracts\\Container\\BindingResolutionException(code: 0): Target class [view] does not exist. at C:/laragon/www/ecommerce-code/vendor/laravel/framework/src/Illuminate/Container/Container.php:914)
[stacktrace]
#0 C:/laragon/www/ecommerce-code/vendor/laravel/framework/src/Illuminate/Container/Container.php(795): Illuminate/Container/Container->build('view')
#1 C:/laragon/www/ecommerce-code/vendor/laravel/framework/src/Illuminate/Foundation/Application.php(986): Illuminate/Container/Container->resolve('view', Array, true)
#2 C:/laragon/www/ecommerce-code/vendor/laravel/framework/src/Illuminate/Container/Container.php(731): Illuminate/Foundation/Application->resolve('view', Array)
#3 C:/laragon/www/ecommerce-code/vendor/laravel/framework/src/Illuminate/Foundation/Application.php(971): Illuminate/Container/Container->make('view', Array)
#4 C:/laragon/www/ecommerce-code/vendor/laravel/framework/src/Illuminate/Container/Container.php(1454): Illuminate/Foundation/Application->make('view')
#5 C:/laragon/www/ecommerce-code/vendor/laravel/framework/src/Illuminate/Support/Facades/Facade.php(237): Illuminate/Container/Container->offsetGet('view')
#6 C:/laragon/www/ecommerce-code/vendor/laravel/framework/src/Illuminate/Support/Facades/Facade.php(208): Illuminate/Support/Facades/Facade::resolveFacadeInstance('view')
#7 C:/laragon/www/ecommerce-code/vendor/laravel/framework/src/Illuminate/Support/Facades/Facade.php(349): Illuminate/Support/Facades/Facade::getFacadeRoot()
#8 C:/laragon/www/ecommerce-code/vendor/laravel/framework/src/Illuminate/Foundation/Exceptions/RegisterErrorViewPaths.php(16): Illuminate/Support/Facades/Facade::__callStatic('replaceNamespac...', Array)
#9 C:/laragon/www/ecommerce-code/vendor/laravel/framework/src/Illuminate/Foundation/Exceptions/Handler.php(744): Illuminate/Foundation/Exceptions/RegisterErrorViewPaths->__invoke()
#10 C:/laragon/www/ecommerce-code/vendor/laravel/framework/src/Illuminate/Foundation/Exceptions/Handler.php(719): Illuminate/Foundation/Exceptions/Handler->registerErrorViewPaths()
#11 C:/laragon/www/ecommerce-code/vendor/laravel/framework/src/Illuminate/Foundation/Exceptions/Handler.php(650): Illuminate/Foundation/Exceptions/Handler->renderHttpException(Object(Symfony/Component/HttpKernel/Exception/HttpException))
#12 C:/laragon/www/ecommerce-code/vendor/laravel/framework/src/Illuminate/Foundation/Exceptions/Handler.php(556): Illuminate/Foundation/Exceptions/Handler->prepareResponse(Object(Illuminate/Http/Request), Object(Symfony/Component/HttpKernel/Exception/HttpException))
#13 C:/laragon/www/ecommerce-code/vendor/laravel/framework/src/Illuminate/Foundation/Exceptions/Handler.php(473): Illuminate/Foundation/Exceptions/Handler->renderExceptionResponse(Object(Illuminate/Http/Request), Object(ErrorException))
#14 C:/laragon/www/ecommerce-code/app/Exceptions/Handler.php(59): Illuminate/Foundation/Exceptions/Handler->render(Object(Illuminate/Http/Request), Object(ErrorException))
#15 C:/laragon/www/ecommerce-code/vendor/laravel/framework/src/Illuminate/Foundation/Http/Kernel.php(509): App/Exceptions/Handler->render(Object(Illuminate/Http/Request), Object(ErrorException))
#16 C:/laragon/www/ecommerce-code/vendor/laravel/framework/src/Illuminate/Foundation/Http/Kernel.php(148): Illuminate/Foundation/Http/Kernel->renderException(Object(Illuminate/Http/Request), Object(ErrorException))
#17 C:/laragon/www/ecommerce-code/index.php(56): Illuminate/Foundation/Http/Kernel->handle(Object(Illuminate/Http/Request))
#18 {main}

[previous exception] [object] (ReflectionException(code: -1): Class \"view\" does not exist at C:/laragon/www/ecommerce-code/vendor/laravel/framework/src/Illuminate/Container/Container.php:912)
[stacktrace]
#0 C:/laragon/www/ecommerce-code/vendor/laravel/framework/src/Illuminate/Container/Container.php(912): ReflectionClass->__construct('view')
#1 C:/laragon/www/ecommerce-code/vendor/laravel/framework/src/Illuminate/Container/Container.php(795): Illuminate/Container/Container->build('view')
#2 C:/laragon/www/ecommerce-code/vendor/laravel/framework/src/Illuminate/Foundation/Application.php(986): Illuminate/Container/Container->resolve('view', Array, true)
#3 C:/laragon/www/ecommerce-code/vendor/laravel/framework/src/Illuminate/Container/Container.php(731): Illuminate/Foundation/Application->resolve('view', Array)
#4 C:/laragon/www/ecommerce-code/vendor/laravel/framework/src/Illuminate/Foundation/Application.php(971): Illuminate/Container/Container->make('view', Array)
#5 C:/laragon/www/ecommerce-code/vendor/laravel/framework/src/Illuminate/Container/Container.php(1454): Illuminate/Foundation/Application->make('view')
#6 C:/laragon/www/ecommerce-code/vendor/laravel/framework/src/Illuminate/Support/Facades/Facade.php(237): Illuminate/Container/Container->offsetGet('view')
#7 C:/laragon/www/ecommerce-code/vendor/laravel/framework/src/Illuminate/Support/Facades/Facade.php(208): Illuminate/Support/Facades/Facade::resolveFacadeInstance('view')
#8 C:/laragon/www/ecommerce-code/vendor/laravel/framework/src/Illuminate/Support/Facades/Facade.php(349): Illuminate/Support/Facades/Facade::getFacadeRoot()
#9 C:/laragon/www/ecommerce-code/vendor/laravel/framework/src/Illuminate/Foundation/Exceptions/RegisterErrorViewPaths.php(16): Illuminate/Support/Facades/Facade::__callStatic('replaceNamespac...', Array)
#10 C:/laragon/www/ecommerce-code/vendor/laravel/framework/src/Illuminate/Foundation/Exceptions/Handler.php(744): Illuminate/Foundation/Exceptions/RegisterErrorViewPaths->__invoke()
#11 C:/laragon/www/ecommerce-code/vendor/laravel/framework/src/Illuminate/Foundation/Exceptions/Handler.php(719): Illuminate/Foundation/Exceptions/Handler->registerErrorViewPaths()
#12 C:/laragon/www/ecommerce-code/vendor/laravel/framework/src/Illuminate/Foundation/Exceptions/Handler.php(650): Illuminate/Foundation/Exceptions/Handler->renderHttpException(Object(Symfony/Component/HttpKernel/Exception/HttpException))
#13 C:/laragon/www/ecommerce-code/vendor/laravel/framework/src/Illuminate/Foundation/Exceptions/Handler.php(556): Illuminate/Foundation/Exceptions/Handler->prepareResponse(Object(Illuminate/Http/Request), Object(Symfony/Component/HttpKernel/Exception/HttpException))
#14 C:/laragon/www/ecommerce-code/vendor/laravel/framework/src/Illuminate/Foundation/Exceptions/Handler.php(473): Illuminate/Foundation/Exceptions/Handler->renderExceptionResponse(Object(Illuminate/Http/Request), Object(ErrorException))
#15 C:/laragon/www/ecommerce-code/app/Exceptions/Handler.php(59): Illuminate/Foundation/Exceptions/Handler->render(Object(Illuminate/Http/Request), Object(ErrorException))
#16 C:/laragon/www/ecommerce-code/vendor/laravel/framework/src/Illuminate/Foundation/Http/Kernel.php(509): App/Exceptions/Handler->render(Object(Illuminate/Http/Request), Object(ErrorException))
#17 C:/laragon/www/ecommerce-code/vendor/laravel/framework/src/Illuminate/Foundation/Http/Kernel.php(148): Illuminate/Foundation/Http/Kernel->renderException(Object(Illuminate/Http/Request), Object(ErrorException))
#18 C:/laragon/www/ecommerce-code/index.php(56): Illuminate/Foundation/Http/Kernel->handle(Object(Illuminate/Http/Request))
#19 {main}
"} 
[2026-01-09 14:25:02] local.ERROR: Uncaught ReflectionException: Class "view" does not exist in C:\laragon\www\ecommerce-code\vendor\laravel\framework\src\Illuminate\Container\Container.php:912
Stack trace:
#0 C:\laragon\www\ecommerce-code\vendor\laravel\framework\src\Illuminate\Container\Container.php(912): ReflectionClass->__construct('view')
#1 C:\laragon\www\ecommerce-code\vendor\laravel\framework\src\Illuminate\Container\Container.php(795): Illuminate\Container\Container->build('view')
#2 C:\laragon\www\ecommerce-code\vendor\laravel\framework\src\Illuminate\Foundation\Application.php(986): Illuminate\Container\Container->resolve('view', Array, true)
#3 C:\laragon\www\ecommerce-code\vendor\laravel\framework\src\Illuminate\Container\Container.php(731): Illuminate\Foundation\Application->resolve('view', Array)
#4 C:\laragon\www\ecommerce-code\vendor\laravel\framework\src\Illuminate\Foundation\Application.php(971): Illuminate\Container\Container->make('view', Array)
#5 C:\laragon\www\ecommerce-code\vendor\laravel\framework\src\Illuminate\Container\Container.php(1454): Illuminate\Foundation\Application->make('view')
#6 C:\laragon\www\ecommerce-code\vendor\laravel\framework\src\Illuminate\Support\Facades\Facade.php(237): Illuminate\Container\Container->offsetGet('view')
#7 C:\laragon\www\ecommerce-code\vendor\laravel\framework\src\Illuminate\Support\Facades\Facade.php(208): Illuminate\Support\Facades\Facade::resolveFacadeInstance('view')
#8 C:\laragon\www\ecommerce-code\vendor\laravel\framework\src\Illuminate\Support\Facades\Facade.php(349): Illuminate\Support\Facades\Facade::getFacadeRoot()
#9 C:\laragon\www\ecommerce-code\vendor\laravel\framework\src\Illuminate\Foundation\Exceptions\RegisterErrorViewPaths.php(16): Illuminate\Support\Facades\Facade::__callStatic('replaceNamespac...', Array)
#10 C:\laragon\www\ecommerce-code\vendor\laravel\framework\src\Illuminate\Foundation\Exceptions\Handler.php(744): Illuminate\Foundation\Exceptions\RegisterErrorViewPaths->__invoke()
#11 C:\laragon\www\ecommerce-code\vendor\laravel\framework\src\Illuminate\Foundation\Exceptions\Handler.php(719): Illuminate\Foundation\Exceptions\Handler->registerErrorViewPaths()
#12 C:\laragon\www\ecommerce-code\vendor\laravel\framework\src\Illuminate\Foundation\Exceptions\Handler.php(650): Illuminate\Foundation\Exceptions\Handler->renderHttpException(Object(Symfony\Component\HttpKernel\Exception\HttpException))
#13 C:\laragon\www\ecommerce-code\vendor\laravel\framework\src\Illuminate\Foundation\Exceptions\Handler.php(556): Illuminate\Foundation\Exceptions\Handler->prepareResponse(Object(Illuminate\Http\Request), Object(Symfony\Component\HttpKernel\Exception\HttpException))
#14 C:\laragon\www\ecommerce-code\vendor\laravel\framework\src\Illuminate\Foundation\Exceptions\Handler.php(473): Illuminate\Foundation\Exceptions\Handler->renderExceptionResponse(Object(Illuminate\Http\Request), Object(Illuminate\Contracts\Container\BindingResolutionException))
#15 C:\laragon\www\ecommerce-code\app\Exceptions\Handler.php(59): Illuminate\Foundation\Exceptions\Handler->render(Object(Illuminate\Http\Request), Object(Illuminate\Contracts\Container\BindingResolutionException))
#16 C:\laragon\www\ecommerce-code\vendor\laravel\framework\src\Illuminate\Foundation\Bootstrap\HandleExceptions.php(218): App\Exceptions\Handler->render(Object(Illuminate\Http\Request), Object(Illuminate\Contracts\Container\BindingResolutionException))
#17 C:\laragon\www\ecommerce-code\vendor\laravel\framework\src\Illuminate\Foundation\Bootstrap\HandleExceptions.php(195): Illuminate\Foundation\Bootstrap\HandleExceptions->renderHttpResponse(Object(Illuminate\Contracts\Container\BindingResolutionException))
#18 C:\laragon\www\ecommerce-code\vendor\laravel\framework\src\Illuminate\Foundation\Bootstrap\HandleExceptions.php(255): Illuminate\Foundation\Bootstrap\HandleExceptions->handleException(Object(Illuminate\Contracts\Container\BindingResolutionException))
#19 [internal function]: Illuminate\Foundation\Bootstrap\HandleExceptions->Illuminate\Foundation\Bootstrap\{closure}(Object(Illuminate\Contracts\Container\BindingResolutionException))
#20 {main}

Next Illuminate\Contracts\Container\BindingResolutionException: Target class [view] does not exist. in C:\laragon\www\ecommerce-code\vendor\laravel\framework\src\Illuminate\Container\Container.php:914
Stack trace:
#0 C:\laragon\www\ecommerce-code\vendor\laravel\framework\src\Illuminate\Container\Container.php(795): Illuminate\Container\Container->build('view')
#1 C:\laragon\www\ecommerce-code\vendor\laravel\framework\src\Illuminate\Foundation\Application.php(986): Illuminate\Container\Container->resolve('view', Array, true)
#2 C:\laragon\www\ecommerce-code\vendor\laravel\framework\src\Illuminate\Container\Container.php(731): Illuminate\Foundation\Application->resolve('view', Array)
#3 C:\laragon\www\ecommerce-code\vendor\laravel\framework\src\Illuminate\Foundation\Application.php(971): Illuminate\Container\Container->make('view', Array)
#4 C:\laragon\www\ecommerce-code\vendor\laravel\framework\src\Illuminate\Container\Container.php(1454): Illuminate\Foundation\Application->make('view')
#5 C:\laragon\www\ecommerce-code\vendor\laravel\framework\src\Illuminate\Support\Facades\Facade.php(237): Illuminate\Container\Container->offsetGet('view')
#6 C:\laragon\www\ecommerce-code\vendor\laravel\framework\src\Illuminate\Support\Facades\Facade.php(208): Illuminate\Support\Facades\Facade::resolveFacadeInstance('view')
#7 C:\laragon\www\ecommerce-code\vendor\laravel\framework\src\Illuminate\Support\Facades\Facade.php(349): Illuminate\Support\Facades\Facade::getFacadeRoot()
#8 C:\laragon\www\ecommerce-code\vendor\laravel\framework\src\Illuminate\Foundation\Exceptions\RegisterErrorViewPaths.php(16): Illuminate\Support\Facades\Facade::__callStatic('replaceNamespac...', Array)
#9 C:\laragon\www\ecommerce-code\vendor\laravel\framework\src\Illuminate\Foundation\Exceptions\Handler.php(744): Illuminate\Foundation\Exceptions\RegisterErrorViewPaths->__invoke()
#10 C:\laragon\www\ecommerce-code\vendor\laravel\framework\src\Illuminate\Foundation\Exceptions\Handler.php(719): Illuminate\Foundation\Exceptions\Handler->registerErrorViewPaths()
#11 C:\laragon\www\ecommerce-code\vendor\laravel\framework\src\Illuminate\Foundation\Exceptions\Handler.php(650): Illuminate\Foundation\Exceptions\Handler->renderHttpException(Object(Symfony\Component\HttpKernel\Exception\HttpException))
#12 C:\laragon\www\ecommerce-code\vendor\laravel\framework\src\Illuminate\Foundation\Exceptions\Handler.php(556): Illuminate\Foundation\Exceptions\Handler->prepareResponse(Object(Illuminate\Http\Request), Object(Symfony\Component\HttpKernel\Exception\HttpException))
#13 C:\laragon\www\ecommerce-code\vendor\laravel\framework\src\Illuminate\Foundation\Exceptions\Handler.php(473): Illuminate\Foundation\Exceptions\Handler->renderExceptionResponse(Object(Illuminate\Http\Request), Object(Illuminate\Contracts\Container\BindingResolutionException))
#14 C:\laragon\www\ecommerce-code\app\Exceptions\Handler.php(59): Illuminate\Foundation\Exceptions\Handler->render(Object(Illuminate\Http\Request), Object(Illuminate\Contracts\Container\BindingResolutionException))
#15 C:\laragon\www\ecommerce-code\vendor\laravel\framework\src\Illuminate\Foundation\Bootstrap\HandleExceptions.php(218): App\Exceptions\Handler->render(Object(Illuminate\Http\Request), Object(Illuminate\Contracts\Container\BindingResolutionException))
#16 C:\laragon\www\ecommerce-code\vendor\laravel\framework\src\Illuminate\Foundation\Bootstrap\HandleExceptions.php(195): Illuminate\Foundation\Bootstrap\HandleExceptions->renderHttpResponse(Object(Illuminate\Contracts\Container\BindingResolutionException))
#17 C:\laragon\www\ecommerce-code\vendor\laravel\framework\src\Illuminate\Foundation\Bootstrap\HandleExceptions.php(255): Illuminate\Foundation\Bootstrap\HandleExceptions->handleException(Object(Illuminate\Contracts\Container\BindingResolutionException))
#18 [internal function]: Illuminate\Foundation\Bootstrap\HandleExceptions->Illuminate\Foundation\Bootstrap\{closure}(Object(Illuminate\Contracts\Container\BindingResolutionException))
#19 {main}
  thrown {"exception":"[object] (Symfony\\Component\\ErrorHandler\\Error\\FatalError(code: 0): Uncaught ReflectionException: Class \"view\" does not exist in C:\\laragon\\www\\ecommerce-code\\vendor\\laravel\\framework\\src\\Illuminate\\Container\\Container.php:912
Stack trace:
#0 C:\\laragon\\www\\ecommerce-code\\vendor\\laravel\\framework\\src\\Illuminate\\Container\\Container.php(912): ReflectionClass->__construct('view')
#1 C:\\laragon\\www\\ecommerce-code\\vendor\\laravel\\framework\\src\\Illuminate\\Container\\Container.php(795): Illuminate\\Container\\Container->build('view')
#2 C:\\laragon\\www\\ecommerce-code\\vendor\\laravel\\framework\\src\\Illuminate\\Foundation\\Application.php(986): Illuminate\\Container\\Container->resolve('view', Array, true)
#3 C:\\laragon\\www\\ecommerce-code\\vendor\\laravel\\framework\\src\\Illuminate\\Container\\Container.php(731): Illuminate\\Foundation\\Application->resolve('view', Array)
#4 C:\\laragon\\www\\ecommerce-code\\vendor\\laravel\\framework\\src\\Illuminate\\Foundation\\Application.php(971): Illuminate\\Container\\Container->make('view', Array)
#5 C:\\laragon\\www\\ecommerce-code\\vendor\\laravel\\framework\\src\\Illuminate\\Container\\Container.php(1454): Illuminate\\Foundation\\Application->make('view')
#6 C:\\laragon\\www\\ecommerce-code\\vendor\\laravel\\framework\\src\\Illuminate\\Support\\Facades\\Facade.php(237): Illuminate\\Container\\Container->offsetGet('view')
#7 C:\\laragon\\www\\ecommerce-code\\vendor\\laravel\\framework\\src\\Illuminate\\Support\\Facades\\Facade.php(208): Illuminate\\Support\\Facades\\Facade::resolveFacadeInstance('view')
#8 C:\\laragon\\www\\ecommerce-code\\vendor\\laravel\\framework\\src\\Illuminate\\Support\\Facades\\Facade.php(349): Illuminate\\Support\\Facades\\Facade::getFacadeRoot()
#9 C:\\laragon\\www\\ecommerce-code\\vendor\\laravel\\framework\\src\\Illuminate\\Foundation\\Exceptions\\RegisterErrorViewPaths.php(16): Illuminate\\Support\\Facades\\Facade::__callStatic('replaceNamespac...', Array)
#10 C:\\laragon\\www\\ecommerce-code\\vendor\\laravel\\framework\\src\\Illuminate\\Foundation\\Exceptions\\Handler.php(744): Illuminate\\Foundation\\Exceptions\\RegisterErrorViewPaths->__invoke()
#11 C:\\laragon\\www\\ecommerce-code\\vendor\\laravel\\framework\\src\\Illuminate\\Foundation\\Exceptions\\Handler.php(719): Illuminate\\Foundation\\Exceptions\\Handler->registerErrorViewPaths()
#12 C:\\laragon\\www\\ecommerce-code\\vendor\\laravel\\framework\\src\\Illuminate\\Foundation\\Exceptions\\Handler.php(650): Illuminate\\Foundation\\Exceptions\\Handler->renderHttpException(Object(Symfony\\Component\\HttpKernel\\Exception\\HttpException))
#13 C:\\laragon\\www\\ecommerce-code\\vendor\\laravel\\framework\\src\\Illuminate\\Foundation\\Exceptions\\Handler.php(556): Illuminate\\Foundation\\Exceptions\\Handler->prepareResponse(Object(Illuminate\\Http\\Request), Object(Symfony\\Component\\HttpKernel\\Exception\\HttpException))
#14 C:\\laragon\\www\\ecommerce-code\\vendor\\laravel\\framework\\src\\Illuminate\\Foundation\\Exceptions\\Handler.php(473): Illuminate\\Foundation\\Exceptions\\Handler->renderExceptionResponse(Object(Illuminate\\Http\\Request), Object(Illuminate\\Contracts\\Container\\BindingResolutionException))
#15 C:\\laragon\\www\\ecommerce-code\\app\\Exceptions\\Handler.php(59): Illuminate\\Foundation\\Exceptions\\Handler->render(Object(Illuminate\\Http\\Request), Object(Illuminate\\Contracts\\Container\\BindingResolutionException))
#16 C:\\laragon\\www\\ecommerce-code\\vendor\\laravel\\framework\\src\\Illuminate\\Foundation\\Bootstrap\\HandleExceptions.php(218): App\\Exceptions\\Handler->render(Object(Illuminate\\Http\\Request), Object(Illuminate\\Contracts\\Container\\BindingResolutionException))
#17 C:\\laragon\\www\\ecommerce-code\\vendor\\laravel\\framework\\src\\Illuminate\\Foundation\\Bootstrap\\HandleExceptions.php(195): Illuminate\\Foundation\\Bootstrap\\HandleExceptions->renderHttpResponse(Object(Illuminate\\Contracts\\Container\\BindingResolutionException))
#18 C:\\laragon\\www\\ecommerce-code\\vendor\\laravel\\framework\\src\\Illuminate\\Foundation\\Bootstrap\\HandleExceptions.php(255): Illuminate\\Foundation\\Bootstrap\\HandleExceptions->handleException(Object(Illuminate\\Contracts\\Container\\BindingResolutionException))
#19 [internal function]: Illuminate\\Foundation\\Bootstrap\\HandleExceptions->Illuminate\\Foundation\\Bootstrap\\{closure}(Object(Illuminate\\Contracts\\Container\\BindingResolutionException))
#20 {main}

Next Illuminate\\Contracts\\Container\\BindingResolutionException: Target class [view] does not exist. in C:\\laragon\\www\\ecommerce-code\\vendor\\laravel\\framework\\src\\Illuminate\\Container\\Container.php:914
Stack trace:
#0 C:\\laragon\\www\\ecommerce-code\\vendor\\laravel\\framework\\src\\Illuminate\\Container\\Container.php(795): Illuminate\\Container\\Container->build('view')
#1 C:\\laragon\\www\\ecommerce-code\\vendor\\laravel\\framework\\src\\Illuminate\\Foundation\\Application.php(986): Illuminate\\Container\\Container->resolve('view', Array, true)
#2 C:\\laragon\\www\\ecommerce-code\\vendor\\laravel\\framework\\src\\Illuminate\\Container\\Container.php(731): Illuminate\\Foundation\\Application->resolve('view', Array)
#3 C:\\laragon\\www\\ecommerce-code\\vendor\\laravel\\framework\\src\\Illuminate\\Foundation\\Application.php(971): Illuminate\\Container\\Container->make('view', Array)
#4 C:\\laragon\\www\\ecommerce-code\\vendor\\laravel\\framework\\src\\Illuminate\\Container\\Container.php(1454): Illuminate\\Foundation\\Application->make('view')
#5 C:\\laragon\\www\\ecommerce-code\\vendor\\laravel\\framework\\src\\Illuminate\\Support\\Facades\\Facade.php(237): Illuminate\\Container\\Container->offsetGet('view')
#6 C:\\laragon\\www\\ecommerce-code\\vendor\\laravel\\framework\\src\\Illuminate\\Support\\Facades\\Facade.php(208): Illuminate\\Support\\Facades\\Facade::resolveFacadeInstance('view')
#7 C:\\laragon\\www\\ecommerce-code\\vendor\\laravel\\framework\\src\\Illuminate\\Support\\Facades\\Facade.php(349): Illuminate\\Support\\Facades\\Facade::getFacadeRoot()
#8 C:\\laragon\\www\\ecommerce-code\\vendor\\laravel\\framework\\src\\Illuminate\\Foundation\\Exceptions\\RegisterErrorViewPaths.php(16): Illuminate\\Support\\Facades\\Facade::__callStatic('replaceNamespac...', Array)
#9 C:\\laragon\\www\\ecommerce-code\\vendor\\laravel\\framework\\src\\Illuminate\\Foundation\\Exceptions\\Handler.php(744): Illuminate\\Foundation\\Exceptions\\RegisterErrorViewPaths->__invoke()
#10 C:\\laragon\\www\\ecommerce-code\\vendor\\laravel\\framework\\src\\Illuminate\\Foundation\\Exceptions\\Handler.php(719): Illuminate\\Foundation\\Exceptions\\Handler->registerErrorViewPaths()
#11 C:\\laragon\\www\\ecommerce-code\\vendor\\laravel\\framework\\src\\Illuminate\\Foundation\\Exceptions\\Handler.php(650): Illuminate\\Foundation\\Exceptions\\Handler->renderHttpException(Object(Symfony\\Component\\HttpKernel\\Exception\\HttpException))
#12 C:\\laragon\\www\\ecommerce-code\\vendor\\laravel\\framework\\src\\Illuminate\\Foundation\\Exceptions\\Handler.php(556): Illuminate\\Foundation\\Exceptions\\Handler->prepareResponse(Object(Illuminate\\Http\\Request), Object(Symfony\\Component\\HttpKernel\\Exception\\HttpException))
#13 C:\\laragon\\www\\ecommerce-code\\vendor\\laravel\\framework\\src\\Illuminate\\Foundation\\Exceptions\\Handler.php(473): Illuminate\\Foundation\\Exceptions\\Handler->renderExceptionResponse(Object(Illuminate\\Http\\Request), Object(Illuminate\\Contracts\\Container\\BindingResolutionException))
#14 C:\\laragon\\www\\ecommerce-code\\app\\Exceptions\\Handler.php(59): Illuminate\\Foundation\\Exceptions\\Handler->render(Object(Illuminate\\Http\\Request), Object(Illuminate\\Contracts\\Container\\BindingResolutionException))
#15 C:\\laragon\\www\\ecommerce-code\\vendor\\laravel\\framework\\src\\Illuminate\\Foundation\\Bootstrap\\HandleExceptions.php(218): App\\Exceptions\\Handler->render(Object(Illuminate\\Http\\Request), Object(Illuminate\\Contracts\\Container\\BindingResolutionException))
#16 C:\\laragon\\www\\ecommerce-code\\vendor\\laravel\\framework\\src\\Illuminate\\Foundation\\Bootstrap\\HandleExceptions.php(195): Illuminate\\Foundation\\Bootstrap\\HandleExceptions->renderHttpResponse(Object(Illuminate\\Contracts\\Container\\BindingResolutionException))
#17 C:\\laragon\\www\\ecommerce-code\\vendor\\laravel\\framework\\src\\Illuminate\\Foundation\\Bootstrap\\HandleExceptions.php(255): Illuminate\\Foundation\\Bootstrap\\HandleExceptions->handleException(Object(Illuminate\\Contracts\\Container\\BindingResolutionException))
#18 [internal function]: Illuminate\\Foundation\\Bootstrap\\HandleExceptions->Illuminate\\Foundation\\Bootstrap\\{closure}(Object(Illuminate\\Contracts\\Container\\BindingResolutionException))
#19 {main}
  thrown at C:/laragon/www/ecommerce-code/vendor/laravel/framework/src/Illuminate/Container/Container.php:914)
[stacktrace]
#0 {main}
"} 
